date,speaker,party,committee,text,url
2025-05-09,牧野たかお,自由民主党,議院運営委員会,○委員長（牧野たかお君） ただいまから議院運営委員会を開会いたします。まず、国会法及び議院における証人の宣誓及び証言等に関する法律の一部を改正する法律案を議題といたします。提出者衆議院議院運営委員長浜田靖一君から趣旨説明を聴取いたします。衆議院議員浜田靖一君。,https://kokkai.ndl.go.jp/txt/121714024X01820250509/1
2025-05-09,浜田靖一,自由民主党・無所属の会,議院運営委員会,○衆議院議員（浜田靖一君） ただいま議題となりました法律案につきまして、提案の趣旨を御説明申し上げます。本法律案は、重要経済安保情報の保護及び活用に関する法律附則第十条の規定に基づく検討を踏まえ、国会において重要経済安保情報の提供を受ける際の手続やその他国会における重要経済安保情報の保護措置を定めようとするものであります。なお、施行日は、重要経済安保情報の保護及び活用に関する法律の施行の日である令和七年五月十六日であります。何とぞ、御賛同くださいますようお願い申し上げます。以上です。,https://kokkai.ndl.go.jp/txt/121714024X01820250509/2
2025-05-09,牧野たかお,自由民主党,議院運営委員会,○委員長（牧野たかお君） 本案につきまして御意見のある方は御発言願います。,https://kokkai.ndl.go.jp/txt/121714024X01820250509/3
2025-05-09,岩渕友,日本共産党,議院運営委員会,○岩渕友君国会法、議院証言法、規則等の改正について意見表明を行います。今回の改正は、昨年成立したいわゆる経済秘密保護法を受け、国会が重要経済安保情報の提供を受けるに当たっての手続や保護措置を、秘密保護法の特定秘密の場合に準じて定めるものです。一連の改正案は、国会の情報監視審査会が重要経済安保情報の運用をチェックするという建前を取っていますが、そもそも、経済秘密保護法は、政府の持つ膨大な情報から政府が勝手に秘密を指定し、秘密漏えいや取得に厳罰を科す秘密保護法体制を経済分野にまで拡大するもので、秘密を扱うことになる民間労働者、技術者、研究者を、適性評価と称する身辺調査を行い、監視するものです。我が党は、憲法の基本原理である国民主権と基本的人権を根底から覆す違憲立法だとして反対しました。改正案は、議院証言法や国会法百四条に基づき国会が提出を求めたときは応じなければならないと定めている、内閣、官公署の証言、報告、記録の提出義務について、政府や省庁が重要経済安保情報が含まれると言えば、提出を拒否できると規定しています。さらに、経済秘密保護法の下で公益上の必要等により提供された重要経済安保情報を知...,https://kokkai.ndl.go.jp/txt/121714024X01820250509/4
2025-05-09,牧野たかお,自由民主党,議院運営委員会,○委員長（牧野たかお君） 他に御発言ございませんか。──他に御発言がなければ、これより採決を行います。本案に賛成の諸君の起立を願います。〔賛成者起立〕,https://kokkai.ndl.go.jp/txt/121714024X01820250509/5
2025-05-09,牧野たかお,自由民主党,議院運営委員会,○委員長（牧野たかお君） 多数と認めます。よって、本案は多数をもって原案どおり可決すべきものと決定いたしました。なお、審査報告書の作成につきましては、これを委員長に御一任願いたいと存じますが、御異議ございませんか。〔「異議なし」と呼ぶ者あり〕,https://kokkai.ndl.go.jp/txt/121714024X01820250509/6
2025-05-09,牧野たかお,自由民主党,議院運営委員会,○委員長（牧野たかお君） 御異議ないと認め、さよう決定いたします。提出者は御退席いただいて結構でございます。---,https://kokkai.ndl.go.jp/txt/121714024X01820250509/7
2025-05-09,牧野たかお,自由民主党,議院運営委員会,○委員長（牧野たかお君） 次に、規則案の委員会審査省略要求の取扱いに関する件及び規程案の委員会審査省略要求の取扱いに関する件の両件を一括して議題といたします。事務総長の報告を求めます。,https://kokkai.ndl.go.jp/txt/121714024X01820250509/8
2025-05-09,小林史武,,議院運営委員会,○事務総長（小林史武君） 去る七日、馬場成志君外七名から参議院規則の一部を改正する規則案及び参議院情報監視審査会規程の一部を改正する規程案が提出されました。両案には、発議者全員から委員会の審査を省略されたい旨の要求書が付されております。この要求につきまして御審議をお願いいたします。,https://kokkai.ndl.go.jp/txt/121714024X01820250509/9
2025-05-09,牧野たかお,自由民主党,議院運営委員会,○委員長（牧野たかお君） これより採決を行います。本規則案及び本規程案の委員会審査を省略することに賛成の諸君の起立を求めます。〔賛成者起立〕,https://kokkai.ndl.go.jp/txt/121714024X01820250509/10
2025-05-09,牧野たかお,自由民主党,議院運営委員会,○委員長（牧野たかお君） 多数と認めます。よって、さよう決定いたしました。---,https://kokkai.ndl.go.jp/txt/121714024X01820250509/11
2025-05-09,牧野たかお,自由民主党,議院運営委員会,○委員長（牧野たかお君） 次に、国会職員の適性評価の実施に関する件の一部改正に関する件を議題といたします。事務総長の説明を求めます。,https://kokkai.ndl.go.jp/txt/121714024X01820250509/12
2025-05-09,小林史武,,議院運営委員会,○事務総長（小林史武君） 御説明申し上げます。本件は、国会職員の適性評価について、特定秘密に準じて重要経済安保情報に関する規定を追加しようとするものでございます。以上でございます。,https://kokkai.ndl.go.jp/txt/121714024X01820250509/13
2025-05-09,牧野たかお,自由民主党,議院運営委員会,○委員長（牧野たかお君） これより採決を行います。本件につきまして、ただいまの事務総長説明のとおり改正することに賛成の諸君の起立を願います。〔賛成者起立〕,https://kokkai.ndl.go.jp/txt/121714024X01820250509/14
2025-05-09,牧野たかお,自由民主党,議院運営委員会,○委員長（牧野たかお君） 多数と認めます。よって、さよう決定いたしました。---,https://kokkai.ndl.go.jp/txt/121714024X01820250509/15
2025-05-09,牧野たかお,自由民主党,議院運営委員会,○委員長（牧野たかお君） 次に、本会議における議案の趣旨説明聴取及び質疑に関する件を議題といたします。本件につきましては、理事会において協議いたしました結果、下請代金支払遅延等防止法及び下請中小企業振興法の一部を改正する法律案につき、本日の本会議においてその趣旨説明を聴取するとともに、立憲民主・社民・無所属一人十五分、公明党、日本維新の会、国民民主党・新緑風会及び日本共産党各々一人十分の質疑を順次行うことに意見が一致いたしました。理事会申合せのとおり決定することに御異議ございませんか。〔「異議なし」と呼ぶ者あり〕,https://kokkai.ndl.go.jp/txt/121714024X01820250509/16
2025-05-09,牧野たかお,自由民主党,議院運営委員会,○委員長（牧野たかお君） 御異議ないと認め、さよう決定いたします。---,https://kokkai.ndl.go.jp/txt/121714024X01820250509/17
2025-05-09,牧野たかお,自由民主党,議院運営委員会,○委員長（牧野たかお君） 次に、本日の本会議の議事に関する件を議題といたします。事務総長の説明を求めます。,https://kokkai.ndl.go.jp/txt/121714024X01820250509/18
2025-05-09,小林史武,,議院運営委員会,○事務総長（小林史武君） 御説明申し上げます。本日の議事は、最初に、下請代金支払遅延等防止法及び下請中小企業振興法の一部を改正する法律案の趣旨説明でございます。まず、日程に追加して提出者の趣旨説明を求めることを異議の有無をもってお諮りいたします。異議がないと決しますと、伊東国務大臣から趣旨説明があり、これに対し、村田享子君、平木大作君、串田誠一君、礒崎哲史君、岩渕友君の順に質疑を行います。次に、日程第一ないし第四を一括して議題とした後、外交防衛委員長が報告されます。採決は二回に分けて行います。まず日程第一、第二及び第四を一括して採決し、次いで日程第三を採決いたします。次に、日程第五について、地方創生及びデジタル社会の形成等に関する特別委員長が報告された後、採決いたします。次に、日程第六について、財政金融委員長が報告された後、採決いたします。次に、先ほど本委員会を議了いたしました国会法及び議院証言法改正案の緊急上程でございます。まず、本案を日程に追加して議題とすることを異議の有無をもってお諮りいたします。異議がないと決しますと、議院運営委員長が報告された後、採決いたします。次に、参議院規...,https://kokkai.ndl.go.jp/txt/121714024X01820250509/19
2025-05-09,牧野たかお,自由民主党,議院運営委員会,○委員長（牧野たかお君） ただいまの事務総長説明のとおり本日の本会議の議事を進めることに御異議ございませんか。〔「異議なし」と呼ぶ者あり〕,https://kokkai.ndl.go.jp/txt/121714024X01820250509/20
2025-05-09,牧野たかお,自由民主党,議院運営委員会,○委員長（牧野たかお君） 御異議ないと認め、さよう決定いたします。なお、予鈴は午前九時五十五分、本鈴は午前十時でございます。暫時休憩いたします。午前九時四十八分休憩 〔休憩後開会に至らなかった〕,https://kokkai.ndl.go.jp/txt/121714024X01820250509/21
2025-05-08,浜田靖一,自由民主党・無所属の会,議院運営委員会,○浜田委員長これより会議を開きます。まず、趣旨説明を聴取する議案の件についてでありますが、内閣提出の環境影響評価法の一部を改正する法律案は、本日の本会議において趣旨の説明を聴取し、これに対する質疑を行うことに御異議ありませんか。〔「異議なし」と呼ぶ者あり〕,https://kokkai.ndl.go.jp/txt/121704024X02520250508/1
2025-05-08,浜田靖一,自由民主党・無所属の会,議院運営委員会,○浜田委員長御異議なしと認めます。よって、そのように決定いたしました。なお、本法律案の趣旨説明は、浅尾環境大臣が行います。本法律案の趣旨説明に対し、立憲民主党・無所属の川原田英世君、国民民主党・無所属クラブの仙田晃宏君から、それぞれ質疑の通告があります。質疑時間は、各々十五分以内とするに御異議ありませんか。〔「異議なし」と呼ぶ者あり〕,https://kokkai.ndl.go.jp/txt/121704024X02520250508/2
2025-05-08,浜田靖一,自由民主党・無所属の会,議院運営委員会,○浜田委員長御異議なしと認めます。よって、そのように決定いたしました。なお、質疑者の要求大臣は、お手元の印刷物のとおりであります。――――――――――――― 一、趣旨説明を聴取する議案の件環境影響評価法の一部を改正する法律案（内閣提出） 趣旨説明環境大臣浅尾慶一郎君（約三分） 質疑通告時間要求大臣川原田英世君（立憲） 15分以内環境仙田晃宏君（国民） 15分以内赤澤国務（経済再生）、経産、環境 ―――――――――――――,https://kokkai.ndl.go.jp/txt/121704024X02520250508/3
2025-05-08,浜田靖一,自由民主党・無所属の会,議院運営委員会,○浜田委員長次に、本日の本会議の議事の順序について、事務総長の説明を求めます。,https://kokkai.ndl.go.jp/txt/121704024X02520250508/4
2025-05-08,築山信彦,,議院運営委員会,○築山事務総長まず、日程第一につき、西村法務委員長の報告がございまして、参政党が反対でございます。次に、日程第二につき、藤丸厚生労働委員長の報告がございまして、れいわ新選組及び日本共産党が反対でございます。次に、環境影響評価法改正案につきまして、浅尾環境大臣から趣旨の説明がございます。これに対しまして、二人の方々からそれぞれ質疑が行われます。本日の議事は、以上でございます。――――――――――――― 議事日程第二十二号令和七年五月八日午後一時開議第一民事裁判情報の活用の促進に関する法律案（内閣提出） 第二労働安全衛生法及び作業環境測定法の一部を改正する法律案（内閣提出、参議院送付） ―――――――――――――,https://kokkai.ndl.go.jp/txt/121704024X02520250508/5
2025-05-08,浜田靖一,自由民主党・無所属の会,議院運営委員会,○浜田委員長それでは、本日の本会議は、午後零時五十分予鈴、午後一時から開会いたします。―――――――――――――,https://kokkai.ndl.go.jp/txt/121704024X02520250508/6
2025-05-08,浜田靖一,自由民主党・無所属の会,議院運営委員会,○浜田委員長次に、次回の本会議の件についてでありますが、次回の本会議は、来る十三日火曜日午後一時から開会することといたします。また、同日午前十一時理事会、正午から委員会を開会いたします。本日は、これにて散会いたします。午後零時一分散会,https://kokkai.ndl.go.jp/txt/121704024X02520250508/7
2025-05-07,中曽根弘文,自由民主党,憲法審査会,○会長（中曽根弘文君） ただいまから憲法審査会を開会いたします。政府参考人の出席要求に関する件についてお諮りいたします。日本国憲法及び日本国憲法に密接に関連する基本法制に関する調査のため、本日の審査会に、幹事会協議のとおり、総務省自治行政局選挙部長笠置隆範君を政府参考人として出席を求め、その説明を聴取することに御異議ございませんか。〔「異議なし」と呼ぶ者あり〕,https://kokkai.ndl.go.jp/txt/121714183X00320250507/1
2025-05-07,中曽根弘文,自由民主党,憲法審査会,○会長（中曽根弘文君） 御異議ないと認め、さよう決定いたします。---,https://kokkai.ndl.go.jp/txt/121714183X00320250507/2
2025-05-07,中曽根弘文,自由民主党,憲法審査会,○会長（中曽根弘文君） 参考人の出席要求に関する件についてお諮りいたします。日本国憲法及び日本国憲法に密接に関連する基本法制に関する調査のため、憲法に対する考え方についてのうち、災害時等の選挙制度について、本日の審査会に一般社団法人選挙制度実務研究会会長大泉淳一君及び同理事長・総務省管理執行アドバイザー小島勇人君を参考人として出席を求め、その御意見を聴取することに御異議ございませんか。〔「異議なし」と呼ぶ者あり〕,https://kokkai.ndl.go.jp/txt/121714183X00320250507/3
2025-05-07,中曽根弘文,自由民主党,憲法審査会,○会長（中曽根弘文君） 御異議ないと認め、さよう決定いたします。---,https://kokkai.ndl.go.jp/txt/121714183X00320250507/4
2025-05-07,中曽根弘文,自由民主党,憲法審査会,○会長（中曽根弘文君） 日本国憲法及び日本国憲法に密接に関連する基本法制に関する調査を議題といたします。本日は、憲法に対する考え方についてのうち、災害時等の選挙制度について総務省から説明を聴取し、参考人の皆様から御意見を伺います。この際、参考人の皆様に一言御挨拶を申し上げます。本日は、御多忙のところ本審査会に御出席いただきまして、誠にありがとうございます。皆様から忌憚のない御意見を賜りまして、今後の調査の参考にいたしたいと存じますので、よろしくお願いいたします。議事の進め方でございますが、まず、総務省から説明を聴取し、次に、大泉参考人、小島参考人の順にお一人十五分程度で順次御意見をお述べいただいた後、各委員からの質疑にお答えいただきたいと存じます。全体の所要は二時間を目途といたします。なお、御発言は、質疑、答弁とも着席のままで結構でございます。まず、総務省から説明を聴取いたします。笠置総務省自治行政局選挙部長。,https://kokkai.ndl.go.jp/txt/121714183X00320250507/5
2025-05-07,笠置隆範,,憲法審査会,○政府参考人（笠置隆範君） 座ったままでいいということでございますか。総務省選挙部長の笠置でございます。横置きの災害時の選挙制度という資料を用意させていただいておりますので、それに沿って御説明申し上げます。まず、一ページ目でございます。衆議院総選挙及び参議院通常選挙の期日についてでございます。衆議院総選挙及び参議院通常選挙は、憲法及び公職選挙法の規定に基づきまして選挙を行うべき期間が定まることとなりまして、その期間内の特定の日が選挙期日として閣議決定を経て公示をされるということになってございます。憲法には、衆議院の解散・総選挙についてのみ規定が置かれておりまして、それは第五十四条でございますが、衆議院が解散されたときは、解散の日から四十日以内に衆議院の選挙を行うこととされてございます。同様の規定が公職選挙法の第三十一条の三項にも規定をされているということでございます。次に、衆議院の任期満了による総選挙につきましては、公職選挙法第三十一条一項及び第二項に規定がございます。原則としては、議員の任期満了が終わる日前三十日以内に行うとされてございます。ただし、その期間が国会開会中又は国会閉会日...,https://kokkai.ndl.go.jp/txt/121714183X00320250507/6
2025-05-07,中曽根弘文,自由民主党,憲法審査会,○会長（中曽根弘文君） 次に、参考人の皆様から御意見をお述べいただきます。まず、大泉参考人にお願いいたします。大泉参考人。,https://kokkai.ndl.go.jp/txt/121714183X00320250507/7
2025-05-07,大泉淳一,,憲法審査会,○参考人（大泉淳一君） 選挙制度実務研究会の大泉淳一と申します。本日は、参考人として御招致をいただき、ありがとうございます。選挙制度実務研究会は、隣の小島理事長ら選管の経験者とともに、選挙管理委員会が業務を適正、円滑に推進できるよう、会員の選管からの質問に答えたり選挙管理に関する研修を行ったりしている団体です。本日は、災害と選挙について、総務省の説明とちょっとかぶるところもあると思いますけれども、御容赦いただきまして、簡単なものですがレジュメを用意しましたので、それに沿ってお話をさせていただきたいと思います。まず、公選法は災害、天災をどれぐらい意識して作られているかということの観点から条文を見てみました。主なものとしては、選挙人名簿関係で、二十二条で天災その他特別の事情がある場合に登録日を変更するというもの、それから三十条では天災事変その他の事故により必要があるときと、先ほどよりちょっと重い書きぶりなんですけれども、条文的には選挙人名簿が消失したときなどに再調製する規定があります。投票関係については、まず、投票所は投票日の五日前までに選管が告示しなければいけないのですが、天災その他の避...,https://kokkai.ndl.go.jp/txt/121714183X00320250507/8
2025-05-07,中曽根弘文,自由民主党,憲法審査会,○会長（中曽根弘文君） ありがとうございました。次に、小島参考人にお願いいたします。小島参考人。,https://kokkai.ndl.go.jp/txt/121714183X00320250507/9
2025-05-07,小島勇人,,憲法審査会,○参考人（小島勇人君） 一般社団法人選挙制度実務研究会理事長の小島勇人でございます。どうぞよろしくお願いいたします。本日は、このような憲法審査に係る大変重要な場で御説明の機会をいただきましたことに感謝申し上げる次第でございます。私は、これまで、総務省選挙部の御要請により、平成二十八年の参議院議員通常選挙を控えて発災した熊本地震、昨年一月の能登半島地震、豪雨災害の被災地に総務省選挙部の担当の方とともに現地に赴き、状況を把握し、選挙の執行に向けた助言等を実施してまいりました。本日は、とりわけ象徴的とも言えます、私が川崎市選挙管理委員会事務局長として体験いたしました平成二十三年の東日本大震災における支援の状況につきまして御説明をさせていただきたいと思います。本日の御説明に関連する資料につきましては、お手元に御配付のとおりでございますが、資料一、都道府県選管連合会発行の「選挙」という月刊誌に掲載いたしました、私が事務局長を務めておりました川崎市選挙管理委員会事務局が行った陸前高田市への選挙支援の記録でございます。資料二は、被災地への人的支援に当たっての留意点をまとめたものでございます。資料三は...,https://kokkai.ndl.go.jp/txt/121714183X00320250507/10
2025-05-07,中曽根弘文,自由民主党,憲法審査会,○会長（中曽根弘文君） ありがとうございました。以上で参考人の御意見の陳述は終わりました。これより参考人等に対する質疑を行います。質疑を希望される方は、氏名標をお立ていただき、会長の指名を受けた後、御発言を願います。なお、質疑が終わった方は、氏名標を横にお戻しください。参考人の方々におかれましては、答弁の際、挙手の上、会長の指名を受けた後、御発言を願います。それでは、質疑のある方は、二巡目以降の質疑を希望される方も含め、氏名標をお立てください。まず、一巡目は各会派一名ずつ指名させていただき、質疑時間は答弁を含め各八分以内といたします。佐藤正久君。,https://kokkai.ndl.go.jp/txt/121714183X00320250507/11
2025-05-07,佐藤正久,自由民主党,憲法審査会,○佐藤正久君自民党の佐藤正久です。総務省選挙部長、大泉参考人、小島参考人の三名の皆様には、大変貴重な御説明、御意見をいただきましたこと、感謝申し上げます。それでは、早速、会派を代表して発言をさせていただきます。国民主権原理の下、国民の選挙権の行使の保障は極めて大事であり、緊急事態時においても国政選挙を行い得る体制の整備が重要です。ゆえに、これまで、災害等が発生した場合、まずは期日どおりに国政選挙を実施できるよう、災害後の避難者の投票機会の確保のために不在者投票や期日前投票など様々な既存の制度を工夫することで対応すべきと考えます。その上で、不在者投票や期日前投票等の工夫でどうしても対応できない場合には、公職選挙法第五十七条が定める繰延べ投票を行うことになると考えています。この繰延べ投票の期間ですが、国政選挙における過去の二例の繰延べ投票では、昭和四十年七月四日執行の参議院議員選挙では七日間の繰延べ期間となり、被災地では七月十一に投票が行われました。もう一つの例である昭和四十九年七月七日執行の参議院議員選挙でも七日間の繰延べ期間となり、被災地での投票は七月十四日となりました。このことから繰...,https://kokkai.ndl.go.jp/txt/121714183X00320250507/12
2025-05-07,笠置隆範,,憲法審査会,○政府参考人（笠置隆範君） 公職選挙法第五十七条は、天災その他避けることのできない事故により投票所で投票を行うことができないときに繰延べ投票を行うと定めてございます。災害時におきましても有権者の投票の機会を確保することは重要でございまして、繰延べ投票や不在者投票の制度を活用することでそうした機会の確保に努めることとなると考えてございます。過去の国会答弁におきましても、そのような趣旨の説明がされてきたと承知をいたしております。また、繰延べ投票につきましては、何日以内に投票を行わせなければならないという法律上の定めはございませんで、選挙管理委員会が投票を適正に行わせることが可能であると判断をした時点で、選挙結果を速やかに確定させるという観点から、できるだけ早期に投票を行わせることとなるものでございます。,https://kokkai.ndl.go.jp/txt/121714183X00320250507/13
2025-05-07,佐藤正久,自由民主党,憲法審査会,○佐藤正久君ありがとうございました。繰延べ投票はまさに被災地の国民の投票権を保障する重要な制度であることから、できる限り柔軟な対応が可能となるような制度設計になっているのではないかと受け止めました。一方で、選挙の公平性等の観点から、今の制度設計のままでよいのかという考えもあるのではないかと思います。そこで、大泉参考人、小島参考人に質問いたします。選挙の公平性の観点を踏まえると、繰延べ投票となった対象地域における選挙運動の期間や選挙費用などに関して何らかの見直しに向けた検討も必要となるかもしれませんが、総務省や国会での勤務経験のある大泉参考人、また自治体において災害時の選挙アドバイザーとして御活躍されており実務の御見識も深い小島参考人は、この期間や選挙費用などについてどのようにお考えでしょうか。さらに、繰延べ投票制度の在り方に関しまして、災害の長期化等にも十分対応し得る制度となるよう更に検討すべき課題があれば御教示いただきたいと思います。両参考人にお願いいたします。,https://kokkai.ndl.go.jp/txt/121714183X00320250507/14
2025-05-07,大泉淳一,,憲法審査会,○参考人（大泉淳一君） 現在の繰延べ投票ですけれども、選挙運動の期間や選挙運動の費用に関しては、選挙運動期間は、先ほど事例で申し上げましたとおり、繰延べ投票の投票日の前日まで選挙運動をすることができるというふうにされておりますので、そういうふうになっております。また、選挙運動費用については、公職選挙法の百九十五条の規定を受けて、それから施行令が決まっておりまして、選挙運動に関する支出金額の制限額が一定額加算されるというルールになっております。これらの規定について見直しをするかということでございますけれども、繰延べ投票は、これまでの実績を見ますと、まさに選挙を早期に実施するという要請の下に必要最小限の範囲で何とか実施してきたというようなことだったと考えられます。言わば、通常の選挙執行体制の下で、その大きな枠組み、大枠を維持したままで、ある意味、例外的な便法を講じることによりまして一体として適正な選挙を実施するというものだと見受けられます。そういう意味からいって、繰延べ投票の見直しも必要でしょうけれども、もし災害が長期化、もし長期化するなどのことがございましたならば、阪神・淡路大震災、東日...,https://kokkai.ndl.go.jp/txt/121714183X00320250507/15
2025-05-07,小島勇人,,憲法審査会,○参考人（小島勇人君） まず第一点目の、繰延べ投票となった対象地域における選挙運動期間、選挙費用に関してでございますが、ただいま会長及び総務省選挙部長の方から御説明があったとおりでございますけれども、通常の場合、選挙運動期間は、公職選挙法百二十九条の規定により、公示日から選挙の期日の前日までとされておりますが、繰延べ投票が行われた場合、当該地域につきましては繰り延べられたその投票日をいうものと解されておりますので、繰延べ投票が行われる投票区の区域につきまして、繰延べ投票の前日まで選挙運動をすることができるものでございます。一方、繰延べ投票の場合の選挙運動に関する支出制限につきましても、既に御説明がございましたけれども、公職選挙法百九十五条の規定を受けた公職選挙法施行令百二十七条の二第四項の規定によって、当該選挙の事務を管理する選挙管理委員会が同条第一項から第三項までの規定に準じて算出した額の範囲内で定める額とされております。繰延べ投票が行われる投票区の区域におきましては繰延べ投票の前日まで選挙運動をすることのできるものでございますが、繰延べ期間の幅によりまして選挙運動費用は、各候補者の...,https://kokkai.ndl.go.jp/txt/121714183X00320250507/16
2025-05-07,佐藤正久,自由民主党,憲法審査会,○佐藤正久君選挙困難事態については、現行の繰延べ投票制度について有識者から意見を聴取し、議論を深めていくことが適当ではないかと申し上げたところであり、本日の審議は大変有意義であると考えます。以上です。,https://kokkai.ndl.go.jp/txt/121714183X00320250507/17
2025-05-07,中曽根弘文,自由民主党,憲法審査会,○会長（中曽根弘文君） 小西洋之君。,https://kokkai.ndl.go.jp/txt/121714183X00320250507/18
2025-05-07,小西洋之,立憲民主・社民・無所属,憲法審査会,○小西洋之君立憲民主・社民・無所属の小西洋之でございます。私からも、笠置選挙部長、大泉、小島両参考人の御説明に深く感謝を申し上げますとともに、皆様におかれましては、大震災を始めとする選挙の実施のために奮闘してくださっていたことに深い感謝と敬意を表させていただきます。私からは繰延べ投票を中心に、まず制度の基本について選挙部長に御質問をさせていただいて、その後、その運用等について両お二方の参考人に御質問させていただきたいと思います。まず、選挙部長に質問をさせていただきますが、繰延べ投票ですけれども、その制度の内容上、どうしても同時あるいは一斉に投票が行われない形態の選挙になるわけでございますけれども、こうしたものは憲法に違反する制度なのか、違反しないのか、端的にお願いいたします。,https://kokkai.ndl.go.jp/txt/121714183X00320250507/19
2025-05-07,笠置隆範,,憲法審査会,○政府参考人（笠置隆範君） 公職選挙法第五十七条、繰延べ投票でございますが、こちらは天災その他避けることのできない事故により投票所で投票を行うことができないときに繰延べ投票を行うということを定めてございまして、やむを得ない理由により投票ができない場合の方法を定めたこの五十七条の規定は憲法に違反するものではないと考えております。,https://kokkai.ndl.go.jp/txt/121714183X00320250507/20
2025-05-07,小西洋之,立憲民主・社民・無所属,憲法審査会,○小西洋之君ありがとうございました。先ほどの佐藤筆頭幹事のと一部重なるのですが、二問目ですが、災害時における有権者の投票機会の確保という繰延べ投票の制度趣旨からすると、繰延べ投票の実施に当たり、災害規模や繰り延べる期間による法律上の制約はないということでよろしいでしょうか、笠置選挙部長。,https://kokkai.ndl.go.jp/txt/121714183X00320250507/21
2025-05-07,笠置隆範,,憲法審査会,○政府参考人（笠置隆範君） 五十七条の繰延べ投票でございますが、こちらにつきましては、災害の規模に関する規定もございませんし、何日以内に投票を行わせねばならないといった法律上の定めもないと。したがいまして、天災その他避けることのできない事故により投票所単位で投票を行うことができない場合に投票日を繰り延べるわけでございますが、選挙管理委員会が投票を適正に行わせることが可能であると判断した時点で、できるだけ早期に投票を行わせるということでございます。,https://kokkai.ndl.go.jp/txt/121714183X00320250507/22
2025-05-07,小西洋之,立憲民主・社民・無所属,憲法審査会,○小西洋之君じゃ、続けて選挙部長に。次に、今の運用上の観点なんですけれども、被害が広範囲にわたっている、あるいはその選挙実施までに長期間を要するような災害では、繰延べ投票では対応できないのかどうかについて答弁をお願いいたします。,https://kokkai.ndl.go.jp/txt/121714183X00320250507/23
2025-05-07,笠置隆範,,憲法審査会,○政府参考人（笠置隆範君） 災害等によりまして投票所において投票を行うことができないことが見込まれる場合には、投票所の変更でありますとか期日前投票の活用、あるいは繰延べ投票を検討することとなると考えられますが、被害が広範囲であるということのみをもって繰延べ投票ができないということにはならないのだと考えております。,https://kokkai.ndl.go.jp/txt/121714183X00320250507/24
2025-05-07,小西洋之,立憲民主・社民・無所属,憲法審査会,○小西洋之君ちょっと確認ですが、今は長期間を要する災害でもということでよろしいでしょうか。,https://kokkai.ndl.go.jp/txt/121714183X00320250507/25
2025-05-07,笠置隆範,,憲法審査会,○政府参考人（笠置隆範君） 被害の状況、態様によって繰延べ投票ができない、できるということにはならないと考えてございます。,https://kokkai.ndl.go.jp/txt/121714183X00320250507/26
2025-05-07,小西洋之,立憲民主・社民・無所属,憲法審査会,○小西洋之君ありがとうございました。では、選挙部長に重ねてですが、当然のことだと思うんですが、念のための確認ですが、選挙の公示、告示日以降に投票の期日を延期する制度としては現行では繰延べ投票しかないという認識でよろしいでしょうか。また、これも確認ですが、投票所で投票ができない原因が公示、告示日以前に発生した災害の場合であっても投票を繰り延べることはできるという認識でよろしいでしょうか。,https://kokkai.ndl.go.jp/txt/121714183X00320250507/27
2025-05-07,笠置隆範,,憲法審査会,○政府参考人（笠置隆範君） 選挙期日の公示あるいは告示後に投票の期日を延期するものといたしましては、五十七条の繰延べ投票以外にはないということでございます。また、後段のお尋ねですが、災害の発生時期というお話でございますが、災害の発生時期問わず、五十七条の要件、天災その他の避けることのできない事故により投票所において投票を行うことができないときに繰延べ投票を行うというものでございます。,https://kokkai.ndl.go.jp/txt/121714183X00320250507/28
2025-05-07,小西洋之,立憲民主・社民・無所属,憲法審査会,○小西洋之君ありがとうございました。では、小島参考人に伺わさせていただきます。この資料、私も事前に拝見させていただきまして、陸前高田などの被災地の選挙の実現、改めて重ねて敬意を表させていただきます。先ほど小島参考人の御発言の中でとても印象的に思いましたのが、これ統一地方選、大震災のときが例ですけれども、日本の選挙で、統一地方選全体が延長になると川崎市のような支援ができないと、なので川崎市としてはまずは自分たちの選挙を適切にこの期限までに終わらせることに頑張られたということなんですが、これ非常に重要だと思うんですけれども、大規模の災害が起きたときには災害を受けていない地域が着実に選挙を終わらせて、そのマンパワーで先ほどおっしゃったような支援を行うと、そういう取組をするということで考えたらよろしいでしょうか。もう簡潔に。,https://kokkai.ndl.go.jp/txt/121714183X00320250507/29
2025-05-07,小島勇人,,憲法審査会,○参考人（小島勇人君） 今御質問受けましたけれども、やはり全国規模での支援体制、これ絶対必要であると、その観点は私も全く同感であります。東日本大震災のときの陸前高田への人的支援、今お話がございましたように、統一地方選挙であったということで、全体が選挙をやっている最中でございますのでなかなか応援できない、ところが特例法を作って延期されたということでございますので、被害を受けてない、被災地でない選管の方から支援は非常に可能であったと。特に川崎市から長期にわたる人材の派遣は可能であったということでございます。ただ単に派遣すればいいというものじゃありませんので、派遣先の都市で必要とする業務の人材のニーズ、そういったものの確認、にかなった人材を送らなければならないということでございますので、そうでなければ的確な業務支援は見込めないということでございます。例えば、これ非常に重要なことだと思うんですが、先ほど来、選挙人名簿の登録システムの話も御説明ありましたけれども、こういったシステム、期日前投票システム、当日投票システム、こういったものは陸前高田で水没してしまって使えなくなった、それを復旧しなけれ...,https://kokkai.ndl.go.jp/txt/121714183X00320250507/30
2025-05-07,小西洋之,立憲民主・社民・無所属,憲法審査会,○小西洋之君詳細にありがとうございました。最後、大泉参考人に伺わせていただきたいんですけど、小島参考人の御説明の中で、その当地の首長の、川崎市長は立派な方だと思うんですが、その姿勢だとか意識だとか、あるいは、お話を伺っていると、総務省や、あるいは選管の指定都市、あるいは県選管の連合会などの連携が必要だと思うんですが、そういう大規模災害のときの、この首長にちゃんとそういう思いを持って動いていただくだとか、そのために必要な、例えば公選法上そういう、総務省の調整規定だとか、そういうものがあるのかどうか、特にないような気がするんですけれども、であればそういうのがあった方がいいのか、あるいは実際の運用上についてそういう課題が何かあるのか、最後、高い見地からお願いいたします。,https://kokkai.ndl.go.jp/txt/121714183X00320250507/31
2025-05-07,大泉淳一,,憲法審査会,○参考人（大泉淳一君） 総務省は、やはり災害が起きたときには一般的にきちっと、気付いたところをきちっとやっていくということだとは思いますけれども、今、小島参考人からあったような、具体的な改善すべき点とか、ここが困る点ということは実績がありますので、そこをきちっと対応するということをあらかじめ決めておくというようなことは大事だと思います。以上です。,https://kokkai.ndl.go.jp/txt/121714183X00320250507/32
2025-05-07,小西洋之,立憲民主・社民・無所属,憲法審査会,○小西洋之君ありがとうございました。,https://kokkai.ndl.go.jp/txt/121714183X00320250507/33
2025-05-07,中曽根弘文,自由民主党,憲法審査会,○会長（中曽根弘文君） 矢倉克夫君。,https://kokkai.ndl.go.jp/txt/121714183X00320250507/34
2025-05-07,矢倉克夫,公明党,憲法審査会,○矢倉克夫君公明党の矢倉克夫です。ありがとうございます。笠置選挙部長、また大泉参考人、小島参考人、大変貴重な御意見ありがとうございます。何点か御質問をさせていただきたいと思いますが、まず、笠置選挙部長に、総務省の参考人にお伺いしたいと思いますが、まあ基本的なことなんですけど、五ページ目の、いただいたレジュメ、繰延べ投票について、選挙期日は変わらないということで、趣旨としてはそのように、選挙期日そのものは変わらないけど投票日程だけが変わるという、こういうことであるということを改めて確認したいと思いますが。,https://kokkai.ndl.go.jp/txt/121714183X00320250507/35
2025-05-07,中曽根弘文,自由民主党,憲法審査会,○会長（中曽根弘文君） この際、参考人の方々にお願いいたします。質疑の時間が限られておりますので、恐縮ですが、答弁は簡潔に行われますよう御協力お願いいたします。,https://kokkai.ndl.go.jp/txt/121714183X00320250507/36
2025-05-07,笠置隆範,,憲法審査会,○政府参考人（笠置隆範君） 繰延べ投票につきましては、選挙期日を延期するものではないということでございます。,https://kokkai.ndl.go.jp/txt/121714183X00320250507/37
2025-05-07,矢倉克夫,公明党,憲法審査会,○矢倉克夫君では、小島参考人にお伺いしたいと思います。もう本当にあの震災のときの御奮闘、今も参考資料も拝見して、またお伺いしたところで、改めて敬意を表したいというふうに思います。本当に、一人一人の選挙権をしっかりと確保するという使命感に似た思いというのはすばらしいなと思います。それで、いかに災害時に選挙を行うことの大変さというのをちょっとイメージするためにお伺いしたいと思うんですけど、震災のとき、先ほどは、九月二十二日までということで一回延期をされ、で、一部については、また更に二次改正ということで十二月三十一日までという、これ災害時に、やはりこれだけ三・一一から延期をする必要がある、延期というか任期を延長して選挙期日を変える必要がある、それが、災害というのが選挙に与える影響というものを、これだけ延ばす必要があった影響というものを、改めて、現地に行かれた経験からちょっと教えていただきたいと思います。,https://kokkai.ndl.go.jp/txt/121714183X00320250507/38
2025-05-07,小島勇人,,憲法審査会,○参考人（小島勇人君） 現地に行ってやはり感じたことは、一刻も早く自分たちの代表を選んで復興復旧に尽力していただきたい、また自分たちもそれに協力するんだと、そういうことだと思います。,https://kokkai.ndl.go.jp/txt/121714183X00320250507/39
2025-05-07,矢倉克夫,公明党,憲法審査会,○矢倉克夫君ただ、その上で、なかなかやはり災害事情ではそれはすぐにできない状況にあるという、その実感みたいなところをちょっとまた教えていただきたいと思ったところだったんですが。,https://kokkai.ndl.go.jp/txt/121714183X00320250507/40
2025-05-07,小島勇人,,憲法審査会,○参考人（小島勇人君） 実感ですけれども、やはり陸前高田でいえば、やはり延期、二回目の延期ではなく一回目の延期で終わったわけですけれども、とにかく、地元の人たちも期日前投票、不在者投票に来て投票する、それからまた被災地から避難している方たち、そういった方たちも自分たちの選挙をやるんだという声が多く寄せられてきたことは間違いありません。その上で、選挙情報の基本である選挙公報等をどうやって送るんだというようなことになりまして、ホームページ等で少なくとも公表するような、そういう体制を組んだということでございます。,https://kokkai.ndl.go.jp/txt/121714183X00320250507/41
2025-05-07,矢倉克夫,公明党,憲法審査会,○矢倉克夫君ありがとうございます。大泉参考人にお伺いしたいと思うんですが、レジュメの方の過去の国政選挙の繰延べ投票の例、一九七四年以降、繰延べ投票という形はないということでありますが、先ほどその理由として、まさに自分たちの代表を、繰延べという形ではなくやはり決められた期日で早く決めたいという、この責任感であるとか、また、ほかのところの選挙区の当落、ほかのところに、決まらないような状態にならないようにするという責任感という、この有権者の方の意識というところもあったんですが、それ以外に、年月がたったことによる環境整備ということで、すぐにでき得るような要因があったということがあれば、もし、ちょっと教えていただければと思うんですが。,https://kokkai.ndl.go.jp/txt/121714183X00320250507/42
2025-05-07,大泉淳一,,憲法審査会,○参考人（大泉淳一君） ちょっと難しいんでございますけれども、ただ、今先生がおっしゃったようなことは、時代が変わって、今でもどうかというとなかなか難しくなりつつあるのかもしれませんけれども、当時はやはり選挙に対する思い入れというのがこの繰延べ投票のときにはよくあったということでございます。時間がたって、やはり安全あるいはプライバシーなどのいろんな状況の中で今後の選挙をどうやってつくっていくかということも新たな課題として出てくるんだと思いますけれども、やはりそこは、啓発などを通じまして、代表者を選んでいくというようなことについては引き続き重要だということを啓発していくしかないのかなと思っております。ちょっと余り答えになっていないかもしれませんが、失礼します。,https://kokkai.ndl.go.jp/txt/121714183X00320250507/43
2025-05-07,矢倉克夫,公明党,憲法審査会,○矢倉克夫君何か繰延べをする必要もないぐらいの制度の在り方とか、選挙に対する環境整備、ハード面も含めた、何かそういう改善があるとか、そういうことではなくということでよろしいわけですか。,https://kokkai.ndl.go.jp/txt/121714183X00320250507/44
2025-05-07,大泉淳一,,憲法審査会,○参考人（大泉淳一君） ちょっとそこは思い浮かばないといいますか、あくまで繰延べ投票は何かがあったときにそれをどうやってカバーしていくかというような発想からできていると思いますので、余り予防的なことは、ある意味で、先ほど選挙部長からもありましたけれども、何か災害が来そうなときには先に投票を繰り上げたり、あるいは時間帯を、投票日の時間帯を区切ったりするような、ある意味便法で乗り切っていくというようなところもあるんだと思います。,https://kokkai.ndl.go.jp/txt/121714183X00320250507/45
2025-05-07,矢倉克夫,公明党,憲法審査会,○矢倉克夫君ありがとうございます。また引き続いてちょっと大泉参考人に伺いたいんですが、例えば阪神・淡路大震災、また東日本大震災のとき、これは地方選挙で、法律によって選挙を延期して任期延長という形になった、これ、先ほど民主主義における災害時における選挙の重要性ということをおっしゃっていたわけですけど、任期延長することで、新しく選び直すわけではなく、過去の選挙結果をそのまま継続しているという一面もあるわけですけど、そういう部分がこの民主主義の正当性という点では何か意見があれば、もし、おっしゃっていただければなと思うんですが。,https://kokkai.ndl.go.jp/txt/121714183X00320250507/46
2025-05-07,大泉淳一,,憲法審査会,○参考人（大泉淳一君） そこは、基本的には、選挙をするときには任期が決まった上で投票して、任期を決めた上で選挙するわけですから、それを超えて議員の身分が続くというふうにそのときはなったわけでございますけど、それはあくまでもやはり法律マターで、立法でこのような権限を与えたというようなことだと思います。それで正当性を得て、それは一つ制度として許されるんではないかというふうなことで当時は整理されていたと思います。あと一方、逆に任期を短縮できるかできないかというようなこともかなりございました。したがって、兵庫県の場合ですけれども、もらった任期を短くしていいのかということにつきまして、また立法によって対応したと。短く、元に戻したというようなことになっていると思います。,https://kokkai.ndl.go.jp/txt/121714183X00320250507/47
2025-05-07,矢倉克夫,公明党,憲法審査会,○矢倉克夫君最後、総務省にちょっとお伺いしたいんですけど、いわゆる国政の場合ですと、繰延べ投票、同時性の原則との関係がよく議論されるんですけど、地方自治の場合で、地方選挙の場合でそういう議論があるのか、特段なければ、国政との関係で何か違いがあるのか、ちょっと端的に教えていただければと思います。,https://kokkai.ndl.go.jp/txt/121714183X00320250507/48
2025-05-07,笠置隆範,,憲法審査会,○政府参考人（笠置隆範君） 私の把握している限り、繰延べ開票ですね、そういったものがこの前の三重県の方のどこかの自治体の選挙で行われております。したがいまして、自治体においては、やはりそこで完結するものでありますと、そこでもう票は終わってしまいますよね、例えば市議選なり。しかし、国政選挙とか都道府県の場合は、都道府県の県議選挙とかの場合には、選挙区があったときに、繰延べ投票が行われた地域が仮にあったとした場合には、繰延べ地域を含む選挙区というのは当選人が決まらないという状況が続きます。したがいまして、できる限り繰延べ投票とならないように、その事前に見込まれるときには投票所を変更したりとか、そういったようなことによって最大限努力をしていくという姿勢にはなっているということでございます。（発言する者あり）,https://kokkai.ndl.go.jp/txt/121714183X00320250507/49
2025-05-07,中曽根弘文,自由民主党,憲法審査会,○会長（中曽根弘文君） どうぞ。,https://kokkai.ndl.go.jp/txt/121714183X00320250507/50
2025-05-07,矢倉克夫,公明党,憲法審査会,○矢倉克夫君失礼しました。三人の参考人の方々、大変ありがとうございました。以上で終わります。,https://kokkai.ndl.go.jp/txt/121714183X00320250507/51
2025-05-07,中曽根弘文,自由民主党,憲法審査会,○会長（中曽根弘文君） 片山大介君。,https://kokkai.ndl.go.jp/txt/121714183X00320250507/52
2025-05-07,片山大介,日本維新の会,憲法審査会,○片山大介君日本維新の会の片山大介です。大泉参考人、小島参考人におかれましては、それぞれの経験に基づく、あるべき災害に強い選挙制度について大変貴重な御意見をいただき、ありがとうございました。また、総務省からは、災害時において現行の選挙法制がどうなっているのかについて説明していただきました。言うまでもなく、選挙は民主主義を支える基盤であり、災害に強い選挙制度を実現すべきことは会派を超えて一致するところだと思います。この点は日本維新の会としても全く異論のないところです。その一方、災害は必ずしも事前の想定の範囲内に収まるものではなく、災害によって大きな被害を受けた被災地においてまず優先されるべきは、先ほど参考人もおっしゃったとおり、人命救助であり、被災者の生活環境の確保だと思います。これがままならない状況で選挙を強行することは国民の意思に沿うものとは言えないことは論をまちません。総務省の説明資料の四ページには、阪神・淡路大震災における地方選挙の対応として、特例法によって被災地の選挙期日を平成七年六月十一日としたとの記載があります。阪神・淡路大震災が発生したのは平成七年一月十七日なので、発災か...,https://kokkai.ndl.go.jp/txt/121714183X00320250507/53
2025-05-07,小島勇人,,憲法審査会,○参考人（小島勇人君） 当時、私も現地に入って最初にびっくりしましたところは、支援しようにも支援するその場所がないと。そういう、まず場所的な確保、まあ野戦病院的な、よく工事現場にある四角い箱の事務所みたいのがありますけれども、それが公園の空き地に置かれておりました。それで、私ども川崎市が最初に入ったのはそういうところですが、そのまず横で、被災した、またお亡くなりになった方の管理を行う部署が仕事をしている。そういう過酷な環境の中で、パソコン操作ままならない。そういった後で、今度は給食センターという場所に移行して、そこでパソコン作業等をするようになったということでございます。いずれにしても、現地の方々は、非常に、被災されていない、陸前高田でもちょっと山側の方は特段被災されていないんですけれども、平野のところは全て流されてもう何もない状況ですので、そういった方たちの、まずはどういう形で支援したらいいのか。私たち、選挙をやるという前提で行っていますけれども、傍らで何かちょっとほかに手伝うことはないのかという、そういう気持ちにならざるを得ない、ただ漫然と何か選挙の準備だけしていればいいという気持...,https://kokkai.ndl.go.jp/txt/121714183X00320250507/54
2025-05-07,片山大介,日本維新の会,憲法審査会,○片山大介君ありがとうございます。陸前高田市に限らず、大きな被害を受けた被災地はきっと同じような状況だったと思います。今日のやり取りを踏まえ、これまで憲法審査会で議論が行われてきた選挙困難事態と議員任期の延長について意見を述べたいと思います。議員任期の延長は必要ないと主張する会派は、選挙困難事態には緊急集会と繰延べ投票で対応すべきなどの主張をされてきたと思います。しかし、先ほど述べたように、過去の実例では、発災から選挙の実施まで八か月以上の時間を要していた例があります。緊急集会の開催期間が七十日を超えることができるのかという議論もありますが、実に八か月、二百四十日もの間、緊急集会で対応するということが国民主権の原理の下で許されるのでしょうか。さらに、地方選挙とは異なり、国政選挙は全自治体で一斉に選挙を実施します。繰延べ投票によって被災地の投票日をずらしたとしても、その期間が短いほど、言い換えれば、可能な限り早く選挙を実施しようとすればするほど、被災していない自治体からの選挙の管理に精通した人材の支援は難しくなります。今日の質疑を通じて、改めて選挙困難事態に備えた議員任期の延長の必要性を...,https://kokkai.ndl.go.jp/txt/121714183X00320250507/55
2025-05-07,中曽根弘文,自由民主党,憲法審査会,○会長（中曽根弘文君） 上田清司君。,https://kokkai.ndl.go.jp/txt/121714183X00320250507/56
2025-05-07,上田清司,国民民主党・新緑風会,憲法審査会,○上田清司君国民民主党・新緑風会の上田清司です。参考人の先生方には、先ほどからの御意見ありがとうございます。また、事前に資料等をいただきまして感謝しております。それを参考にした上で、私は、質問はいたしませんが、私自身の考え方について発表したいと思っております。とりわけ、選挙困難事態における選挙期日、議員任期の特例等に関する中谷私案、極めて丁寧な、有効な私は案ではないかというふうに思っているところであります。やや抽象的であることが問題になるかと思っておりますが、そうした点について深掘りがされる必要があると思っております。例えば、緊急事態が想定される自然災害のレベル、このレベルとはどういうところまでいくのかという具体性が必要ではないかと思われます。武力攻撃のレベルと持続性のレベルについても同じように詰める必要があるかと思います。テロ・内乱については、日本の治安状況、政治状況から考え難い部分がありますが、どのようなことが想定が可能なのか、この点についてもしっかりと踏まえなければならないと思います。以上、しっかり議論をしていく必要があります。国政選挙の適正な実施についてでございますが、選挙の一...,https://kokkai.ndl.go.jp/txt/121714183X00320250507/57
2025-05-07,中曽根弘文,自由民主党,憲法審査会,○会長（中曽根弘文君） 山添拓君。,https://kokkai.ndl.go.jp/txt/121714183X00320250507/58
2025-05-07,山添拓,日本共産党,憲法審査会,○山添拓君日本共産党の山添拓です。参考人の皆さん、今日はありがとうございました。小島参考人に伺いたいと思います。今日、御意見の陳述の中でも、東日本大震災の件、大変参考になりました。あわせて、熊本や能登でも支援にというお話があったかと思います。二〇一六年四月の熊本地震では三か月後に参議院選挙があり、また昨年の能登半島の地震、豪雨、その後の総選挙と続きました。災害によっても対応の違いがあるかと思いますので、それらのケースでどのような御苦労や工夫があったかという点について御紹介いただければと思います。,https://kokkai.ndl.go.jp/txt/121714183X00320250507/59
2025-05-07,小島勇人,,憲法審査会,○参考人（小島勇人君） まず、熊本地震ですけれども、熊本地震につきましては、ほとんどの被災地へ、特に一番感じたのが、西原村というところに行ったときに、もう役場自体がほぼほこりまみれ、職員も疲弊している、そういった中で本当に選挙できるのかという、そういう感じはありました。それで、我々が行って初めて参議院選挙があるということをきちっとお話をして、そうしたら彼らははっとして、やらなきゃいけないんですねというふうに思われました。ですから、やはり寄り添う形で、我々が被災地にまず乗り込むという言い方おかしいですけれども、行って、直接いろいろ感じてお話を聞く、そういったことがまず大切であろうというふうに思いました。それから、能登半島につきましても、これはもう総務省の本当に迅速な判断で、現地へ私も延べ六日間入って実際見させていただきましたけれども、輪島市に行ったときに、やはり職員の方々、担当の方、疲弊していました。非常にもう選挙どころじゃないよというあれでしたけれども、ただ、行っていろいろとお話を聞いて、我々がまあ何とかアドバイスできるからというふうなことをお話ししましたら、何となく心が和らいで、自分...,https://kokkai.ndl.go.jp/txt/121714183X00320250507/60
2025-05-07,山添拓,日本共産党,憲法審査会,○山添拓君ありがとうございます。選挙がそうした形で支援を経て実施されていることが非常に大事だと思います。また、自治体職員は、この間、市町村合併が続き、また行政の合理化を進め過ぎたという問題もあって、災害時に限らず平時からそうした状況あるかと思います。ですから、平時から人的体制の強化が私は必要ではないかと感じます。大泉参考人と小島参考人に伺いたいのですが、現場で選挙実務に当たってこられた皆さんは、今日もお話しいただきましたように、たとえ災害時でも、いかに円滑に選挙を実施し、選挙権の行使を可能にするかという角度で対応してこられたことかと思います。大泉参考人が、こういうときこそ代表者を選ぶという民主主義の重みとおっしゃったり、また、小島参考人も、一刻も早く自分たちの代表を選ぶという言葉を使われましたが、それ自体が私はとても重い発言だと思います。一方で、この憲法審査会で議論されてきたのは選挙困難事態であり、これを理由に衆院議員の任期延長を可能にし、選挙そのものを延期できる、先送りしてしまおうということですが、そうなりますと、行政の側の発想は、いかに選挙を実施するかではなく、いかなる理由付けなら...,https://kokkai.ndl.go.jp/txt/121714183X00320250507/61
2025-05-07,大泉淳一,,憲法審査会,○参考人（大泉淳一君） ちょっと想像の話ですので何とも決め付けた言い方はできませんけれども、今まででしたら、やはり選挙は大事だということでずっと染み付いているといいますか、それを、何を我々がやらなきゃいけないかということを優先順位を決めて事務に当たっているのが選管職員あるいは総務省の職員というようなことだったと思いますけれども、今のお話がそういうふうになるかどうかは、ちょっとお答えはなかなか難しいんじゃないかと思います。,https://kokkai.ndl.go.jp/txt/121714183X00320250507/62
2025-05-07,小島勇人,,憲法審査会,○参考人（小島勇人君） 私は、業務継続計画みたいなものをきちっと作っておかなければいけないと思います。よくＢＣＰと言われますけれども、そういったものを作っておくということも必要になりますし、実際に何か起きたときの一般的な危機管理マニュアル的なものを作っておく必要があろうかなというふうに思います。御質問の趣旨にかなったお答えにはなっていないかもしれませんけど、いずれにしても何かあったときに業務遂行計画、これは選挙の執行も含めてということになります。ですから、やれない理由を探すというのはどうかなという感じはしますけれども、とにかくやるという、とにかく現行法の中ではやるという、地方公共団体の責務、法定受託事務、自治事務ですからやるということになります。ただ、憲法の改正でどうなるかということは別として、現行法では私たちとしてはきちっと執行していく。ただ、それを補完する意味で、繰延べ投票制度だとか繰延べ開票制度ですとかがあるということでございます。ですから、現行法の中できっちりどういう形でできるのかということを議論していくということはまず先決かなと私は思います。,https://kokkai.ndl.go.jp/txt/121714183X00320250507/63
2025-05-07,山添拓,日本共産党,憲法審査会,○山添拓君私もそのように思います。現在の公選法の下で国政選挙で繰延べ投票となったのは二度だけだと今日も御説明がありましたが、災害など重大な事態が生じた場合にこそ民意を反映する国会が必要であり、選挙権行使をなるべく可能にする体制づくりこそが重要だということであろうと思います。また、現行法の下ではやはり選挙を実施するにはどうするかという発想で動いてこられたと、このこと自体が私は大変民主主義にとって大事なことではないかと思います。重ねて大泉参考人、小島参考人に伺いたいのですが、昨年十月の解散・総選挙は、石破首相が就任から八日後に衆議院を解散し、その十八日後に投開票を迎えました。首相就任から八日後の解散、二十六日後の投開票、いずれも戦後最短でした。期間が短いために選挙実務に生じた混乱など、御承知の限りで御紹介いただければと思います。,https://kokkai.ndl.go.jp/txt/121714183X00320250507/64
2025-05-07,大泉淳一,,憲法審査会,○参考人（大泉淳一君） ちょっと私はもう実務から離れているので直接は分かりませんけれども、なるべく、選管としてはゴーが出ないと動けないわけですから、そのゴーサインといいますか、解散が決まったと、あるいは総選挙がいつあるか決まったという前提で動くわけでございます。更に言いますと、ポスター掲示場などにつきましても入札しなきゃいけないと。なので、ある程度の期間が必要でございますけれども、それができないわけではない期間は絶対欲しいというようなことだと思います。選挙自体が、いろいろ困難はあったかもしれませんけれども、行われたということは、皆様方の努力があったのではないかと思います。,https://kokkai.ndl.go.jp/txt/121714183X00320250507/65
2025-05-07,小島勇人,,憲法審査会,○参考人（小島勇人君） 今回のケースもそうですけど、前もちょっと解散から短かったということあるんですけれども、私は、選挙管理委員会職員としての経験から申し上げますと、やはり、ニュース等で解散という言葉が出てくる、そういったことになりますと、いつになるか分からないにしても、遠い将来ないかあるか分かりませんけれども、それに向かって水面下での一定の準備はせざるを得ないということでございます。ですから、例えばポスター掲示を立てるにしても、ポスター掲示場の設置場所の選定だとかそういったことは水面下でやらざるを得ないし、公示日がいつになるかというのは分かりませんけれども、ある程度勝手に想定して、公示日がこの日になったらこうするんだ、ああするんだというようなことをやってきたということでございます。今回、解散から八日後に公示ということでありましたけれども、ある意味では若干早めに、ニュアンスとしてですね、いつ選挙期日になるんだというようなことがそれなりのお立場の方から御発言があったりして、それは一つのよりどころにしながら準備をしたということは否定はできないというふうに思います。いずれにしても、総選挙、私...,https://kokkai.ndl.go.jp/txt/121714183X00320250507/66
2025-05-07,山添拓,日本共産党,憲法審査会,○山添拓君時間ですので終わりにしますけれども、海外の有権者のための在外投票では準備が間に合わなかったという話や、台湾では一部投票できなかったという例が生じたということも承知しております。解散を弄ぶ政治が選挙権を侵害している、そういう現状こそ憲法上大問題だという点を指摘しまして、質問を終わります。,https://kokkai.ndl.go.jp/txt/121714183X00320250507/67
2025-05-07,中曽根弘文,自由民主党,憲法審査会,○会長（中曽根弘文君） 山本太郎君。,https://kokkai.ndl.go.jp/txt/121714183X00320250507/68
2025-05-07,山本太郎,れいわ新選組,憲法審査会,○山本太郎君参考人の先生方、非常に重要なお話をありがとうございます。選挙部長もありがとうございました。事前にいただいた小島参考人の資料の中に、大規模災害時の選挙を行うにおいて準備するべきものとしてマニュアルの作成が必要だろうというようなことがあったと思うんです。今日お聞きしたお話の中にも非常に興味深いといいますか、非常に重要な事柄がたくさんちりばまっていたと思うんです。でも、こういったことがまとまっていないと次に継承していけないというか全国に共有していけない、そういうことが、心得であったりとか本当に必要なことということが共有されないということは、これ備えられないわけですよね。お聞きしたいのが、これまでその御経験だったりとかされてきたこと、いろんなメモだったりとか様々なものがあると思うんですけど、そういったものをマニュアルとしてまとめてくださいというような依頼であったりとか、そういうようなタスクみたいなものは国側から何かしらあったりとかしたんですかね。,https://kokkai.ndl.go.jp/txt/121714183X00320250507/69
2025-05-07,小島勇人,,憲法審査会,○参考人（小島勇人君） お答えいたします。マニュアルにつきましては、先ほどもちょっとＢＣＰとかそういう話もさせていただきました、業務継続計画、川崎市では選挙事務についても一応作成してあります、自然災害。それで、私ども川崎市の選挙管理委員会、当時ですね、東日本大震災を教訓に危機管理マニュアルを一応作ってございます。未定稿でありますけれども、投票事務、開票事務。そういったものについて基本的に何かまとまったものというのは、誰が作ったから権威があるとか誰が作ったから権威がないとかということじゃなくて、現場の湧き上がったものとして川崎市が作っておりますし、そして、その内容については、欲しいという都市には提供して、その都市にかなった危機管理マニュアルを多分作っているところもあるんじゃないかなというふうに思います。いずれにしても、何かその地域地域に合ったものを作っておくということは大切なことかなと思います。,https://kokkai.ndl.go.jp/txt/121714183X00320250507/70
2025-05-07,山本太郎,れいわ新選組,憲法審査会,○山本太郎君ありがとうございます。現場で経験されたことの多くが詰まっているというこのマニュアルを全国的にやはり共有していくということが次の災害に備えることなのかなと。任期延長がどうしたこうしたの前にそういったことをやはり国に求めていくということを是非議員の皆さんにもお願いをしたいと、私自身もそれを求めていくということをしていきたいと思います。もう何度も被災地に入られてその現場というものを様々見てこられたということなんですけれども、公務員の数がちょっと少ないんじゃないかなって私は思います。一九九〇年以降、小泉政権以降ですね、やはりこの人減らしというものが大々的に行われてきたという影響が確実に悪い意味で見えているのが、私、災害の現場だと思っています。能登に関しては二十回ほどしか足を運んだことがないんですけれども、そのたびに現地の自治体職員の方々ともお話をするんですけれども、もう発災してから一年以上一日も休んでいないとか、当たり前のように、普通のようにお話しされるんですが、やはり、災害を受けた住民を守るという職務と、そして自身も被災者であるという側面二つを二足のわらじでずっと一年もそれ以上も...,https://kokkai.ndl.go.jp/txt/121714183X00320250507/71
2025-05-07,小島勇人,,憲法審査会,○参考人（小島勇人君） 人がいることは非常に大事なことだというふうに思います。人がいたとして、その人たちに通常の自分たちの業務のほかに選挙実務についてどういう形で理解をし身に付けていただくかということが私は問題だというふうに思います。人が少ないというのは、これはもう私も陸前高田に行き、またそのほかも行き、確認してまいりましたけれども、とにかく選管専任職員という方が非常に少なくなってきております。全ていろんな業務を掛け持ちしながらやっているということなので、まあそれはそれでいいのかもしれませんけれども、いざというときに、じゃ、例えば投票所が避難場所になっていた、それとすみ分けをどうやってやるんだというようなことも含めてかつて総務省の方から通知が出ているわけですけれども、例えば投票事務をやる予定だった人が今度災害事務に急遽行かなきゃいけない、投票事務、じゃ、どうやってやるんだと、その場で混乱するというケースも見聞きしております。ですから、何らかの形で、何か起きてから考えたって遅いので、起きる前に何かこうきちっと整理を、ある程度の整理をしておくということが私は大事だと思いますし、職員が少ない...,https://kokkai.ndl.go.jp/txt/121714183X00320250507/72
2025-05-07,山本太郎,れいわ新選組,憲法審査会,○山本太郎君ありがとうございます。大泉参考人の方にもお聞きしてよろしいでしょうか。同じようなことなんですけれども、この災害ということを通して、現場の、何だろうな、公務員の方々、実際に動ける人の数というものはこれは年々減少していっているということを考えるならば、やはりこのような大規模災害に備えてということの視点から考えてみても、これは人員の強化みたいなものって必要だなというふうにお感じになることあられますか。,https://kokkai.ndl.go.jp/txt/121714183X00320250507/73
2025-05-07,大泉淳一,,憲法審査会,○参考人（大泉淳一君） 私の専門といいますか、選挙の分野でございますけれども、やはり今までですと、選挙に精通した人が必ず大体いて、その人が全部仕切って、ある意味安心して選挙を執行できたというような環境にあったと思いますけれども、人が減って、あるいは経験を十分に積んだ人がまた引退したりいなくなったりして、それがうまく回らなくなっていると。そういうところで、公選法上の分からないところがあったりすると、我々の社団法人によく聞いたりして、そういう質疑応答とかも来るようになっていますけれども。そういう意味では、やはり実務に精通した人をつくっていくこと、それから数を、もう余りに今小さいところですと総務課とか議会事務局とか兼務している人もいますけれども、そういうことでなくて、やっぱり万全を期すためにはもうちょっと選挙に精通した人をなるべくたくさん確保することが大事だということは考えております。,https://kokkai.ndl.go.jp/txt/121714183X00320250507/74
2025-05-07,山本太郎,れいわ新選組,憲法審査会,○山本太郎君ありがとうございます。時間が来たので終わりたいと思いますけれども、任期延長がどうしたこうしたというような議論もあるようですけれども、実際に目の前の災害というところで、圧倒的に足りていない、これは復興するという意味でも、生活復旧するにも余りにも足りていないというような人員の増強であったりとか、そしてスペシャリストとしてそのような穴を埋めていく方々の数というのも増強していく必要があるんだということがよく分かりました。ありがとうございます。,https://kokkai.ndl.go.jp/txt/121714183X00320250507/75
2025-05-07,中曽根弘文,自由民主党,憲法審査会,○会長（中曽根弘文君） 高良鉄美君。,https://kokkai.ndl.go.jp/txt/121714183X00320250507/76
2025-05-07,高良鉄美,沖縄の風,憲法審査会,○高良鉄美君沖縄の風の高良鉄美です。今日は、参考人の方々、選挙部長、ありがとうございました。私の質問は、まず、ここ憲法審査会というところですけれども、今のお話の中で見ると、一番大事なのはやっぱりこの選挙法の中身をどうするかという問題と、それから、ずっとＢＣＰのようにいろんなマニュアルを作って対応していくということが重要だというお話も非常に参考になりました。そういった意味では、期日の繰延べを含めて、時間の問題と、それから場所ですね、投票所の問題と、それから環境でしょうかね。人が、何を対応して、有権者のリストを作るとか、そういう問題が現場で起こるかなと思っています。そこで、一つお伺いしたいのは、憲法の問題として捉えるべきものがあるのかどうか。それと、今現在いろいろ対応していただいているところで、この公職選挙法やあるいは特例法の中で、あるいはその政令の中で、その基にある、それに対応してきたことで非常に不足していると、これからもし法律を作るならどのようなものが必要なのかということをお三方にお聞きしたいんですが、よろしくお願いいたします。,https://kokkai.ndl.go.jp/txt/121714183X00320250507/77
2025-05-07,大泉淳一,,憲法審査会,○参考人（大泉淳一君） 先ほども説明のところで述べてきたとおり、今の公選法というものは、大きな災害、本当、大災害を想定しているかというと、そうではなくて、基本的には選挙を滞りなく執行するために、ちょっと天災等があったときには繰延べ投票とかそのほかの制度によって滞りなく行うというようなことの便法を定めているというふうに見えてきます。したがいまして、災害については十分かというと、公選法はそれほど十分な、災害を想定して書かれているとはちょっと思われませんので、そういう意味では、この阪神・淡路あるいは東日本大震災で、先にそういうことを決めておかなければいけないということが判明したときには、そこをあらかじめ書いておくというのは一つの手だと思います。ただ、それぞれ国政と地方の選挙では憲法事項とそれから立法事項が違ってまいりますので、そこはいろいろ御議論いただいて知恵を出していくのではないかと思います。,https://kokkai.ndl.go.jp/txt/121714183X00320250507/78
2025-05-07,高良鉄美,沖縄の風,憲法審査会,○高良鉄美君小島参考人の方にも、いかがでしょうか。,https://kokkai.ndl.go.jp/txt/121714183X00320250507/79
2025-05-07,小島勇人,,憲法審査会,○参考人（小島勇人君） 今、大泉参考人からもお話ししましたとおりでございます。今まで、被災地での選挙、特例法で選挙をやった、その中で一定の課題というものがあるはずです。それをくみ上げて、さらに、次に向けた特例的な何か、規定というか考え方というものをこの際きちっと整理をしておくということも必要だと思いますけれども、ただ、災害等は千差万別でございますので、一般論として書けるものがどこまであるのかということも含めて検討すべき時期であることは間違いないのかなと思います。東日本大震災、熊本地震、能登半島地震、またこれからどこかであるであろう地震のために検討しておくということは、これは必要なことだというふうに思います。というのは、やっぱり人の選挙権の行使の問題でありますし、そして国政を担う議員の皆様方を選ぶという制度の根幹でございますので、この際きちっと何か対応すべき点があるんじゃなかろうかと思います。ちょっと抽象的ですけれども、そういう気持ちは持っております。,https://kokkai.ndl.go.jp/txt/121714183X00320250507/80
2025-05-07,高良鉄美,沖縄の風,憲法審査会,○高良鉄美君ありがとうございました。憲法の中の三原理の国民主権、その国民主権の行使をしっかりとするための手段として選挙権という人権があるということなので、非常に根本的な原則に関わっているということがこの選挙権の行使だと思います。それで、やっぱり一日も早く選挙権行使できるようにと、あるいは、そのための選挙期間の、なるべく短くその復旧ができるような形で場所を選んだり、あるいは臨時の仮設住宅での投票というようなこともいろいろ工夫をされてきたと思うので、やっぱりその点では、もう非常に憲法の原則に従っている形でこれまで御苦労されてきたなというのをすごく感じました。今の、これまでのものにはなかったんですけれども、ＴＰＯというと、時間とそれから場所ということではかなりありましたけれども、この機会の中で時間や場所に拘束されずに投票ができるだろうかということを考えますと、今いろいろ議論になっているＩＴ活用の投票の問題というのが、いろんな側面があると思うんですけれども、長所、短所ですね、その辺りに関してはどのように、この災害のときの選挙というようなことで考えるとどのようなお考えをお持ちでしょうか。特に笠置...,https://kokkai.ndl.go.jp/txt/121714183X00320250507/81
2025-05-07,笠置隆範,,憲法審査会,○政府参考人（笠置隆範君） 時間、場所ということであると、恐らくひょっとしてインターネット投票のことかなというふうに思っておりますが、現在、総務省におきましては、在外選挙におけるインターネット投票について調査研究を進めているというところでございます。ただ、一方で、インターネット投票については、郵便投票と同じかもしれませんが、管理者や投票立会人がいない中での投票ということで、選挙の公正どう確保するんだといったようなこと、あるいはセキュリティーとかですね、あとは、極めて短期間の選挙期間の中で、もし壊れたりとか、ひょっとして瑕疵があった場合には選挙無効になっちゃうということもあるので、その辺りはいろいろ今入念に研究をしているというところでございます。じゃ、災害時どうかというと、ちょっと私も全て知識はございませんが、災害時において、じゃ、ネット通信が確保できるかという、またそういったこともありますので、時間、場所問わずという観点からはあるわけでございますが、先ほど申し上げた投票の原則から外れる投票であるといったことも十分議論をしながら検討していく必要があるんじゃなかろうかというふうに思っていま...,https://kokkai.ndl.go.jp/txt/121714183X00320250507/82
2025-05-07,高良鉄美,沖縄の風,憲法審査会,○高良鉄美君ありがとうございました。今インターネットの話が出ましたけれども、やっぱりその上でも、基本は、時代がどんどん変わっていくにしても、あるいは災害があるにしても、憲法上の人権の問題をきちんと捉えていくということはとても重要ですし、それから、やっぱり国民主権の在り方として、これは地方では、当然ながらこの地方の住民は主権者ですので、地方の、そういった地方住民のことも考えると、やっぱりかなり工夫をして、これまでの培ってきた経験を、やっぱり先ほどずっと御提案あるようなマニュアルをしっかり作っておくということがむしろ一番重要かなと思っております。そういった意味では、また法律事項と憲法事項を先ほど分けておくということでしたが、しっかりそこを分けて議論をするべきだろうと思っております。以上です。,https://kokkai.ndl.go.jp/txt/121714183X00320250507/83
2025-05-07,中曽根弘文,自由民主党,憲法審査会,○会長（中曽根弘文君） 引き続き質疑を行いますが、これより質疑時間は答弁を含め各五分以内といたします。水野素子君。,https://kokkai.ndl.go.jp/txt/121714183X00320250507/84
2025-05-07,水野素子,立憲民主・社民・無所属,憲法審査会,○水野素子君立憲民主・社民・無所属の水野素子です。まず、参考人の皆様、大変貴重な御報告をありがとうございました。私からは、非常時における繰延べ投票の活用などに関しまして、総務省の公職選挙法の解釈などを改めて確認したいと思います。総務省の選挙部長、お尋ねいたします。一般論として、国会議員について任期満了日を迎えた日を選挙期日とすることはできるのかということ、さらには、国会議員の任期満了選挙について、一般論として、災害等のやむを得ない事由により繰延べ投票や当該任期満了選挙の公示前の特例法の制定によって任期満了日以後に選挙期日を設定することはできるかについて、答弁を改めてお願いいたします。,https://kokkai.ndl.go.jp/txt/121714183X00320250507/85
2025-05-07,笠置隆範,,憲法審査会,○政府参考人（笠置隆範君） 国会議員の任期満了による選挙、私、冒頭説明を申し上げましたけれども、三十一条第二項あるいは三十二条第二項でございます。任期満了前三十日以内に行うことが原則であるものの、この期間が国会閉会の日から二十三日以内に掛かる場合には、二十四日以後三十日以内に行うとされております。この例外規定によりまして、現行におきましても、任期満了近くまで国会が開会されているような場合には、任期満了日を超えて選挙期日が設定されることがあるということでございます。また、公職選挙法五十七条の繰延べ投票でございますが、こちらは、天災その他避けることのできない事故により投票所で投票を行うことができないときに投票日を繰り延べるということでございまして、国会議員の任期満了による選挙についても当然適用をされるというものでございます。国会議員の任期満了による選挙につきましては、衆議院の解散・総選挙は憲法に規定があると、四十日以内と申し上げましたが、国会議員の任期満了による選挙につきましては、憲法においてその選挙期日に関する特段の規定は置かれておりませんことから、一般論として言えば、必要があれば、例え...,https://kokkai.ndl.go.jp/txt/121714183X00320250507/86
2025-05-07,水野素子,立憲民主・社民・無所属,憲法審査会,○水野素子君ありがとうございました。続いて、総務省選挙部長にまたお尋ねいたします。国会議員の国政選挙において災害に伴う繰延べ投票が数か月といった長期にわたる場合、従来の選挙日から投票を繰り延べている期間について法律により選挙運動を制限することはできるのでしょうか。,https://kokkai.ndl.go.jp/txt/121714183X00320250507/87
2025-05-07,笠置隆範,,憲法審査会,○政府参考人（笠置隆範君） 繰延べ投票が行われる場合におきましては、当該繰り延べられた地域におきましては繰延べ投票の期日の前日まで選挙運動ができると解されてございまして、候補者の判断により選挙運動を行うことは可能でございます。現行の公職選挙法、御案内のとおり、選挙の公正を確保するために各種の選挙運動規制が設けられております。投票が繰り延べられた期間について新たに規制を設けることも可能であると考えておりますが、そのような選挙運動の規制等につきましては、選挙の在り方に関わる問題でありますことから、各党各会派で御議論いただくことが必要だと考えてございます。,https://kokkai.ndl.go.jp/txt/121714183X00320250507/88
2025-05-07,水野素子,立憲民主・社民・無所属,憲法審査会,○水野素子君ありがとうございました。国政選挙について、選挙の公示前であれば繰延べ投票や特例法で選挙の期日を憲法の範囲内で再設定することが可能であり、また、公示後に選挙活動が何か月も続いて、それが選挙の公平公正や地域住民との関係で公共の福祉に反するようなことが想定される場合は、選挙運動の在り方を特例法で規制できることが確認できたと思います。最後に、小島参考人にお伺いいたします。まず、私からも、大震災時の献身的な御活動、敬意を改めて表させていただきます。それでは、お尋ねいたします。国政選挙におきましては、全国の全ての選挙管理委員会が選挙事務に取り組むわけでございますが、その国政選挙の際に大規模災害が生じた場合に備えるために、まさに小島参考人の川崎市が陸前高田市に取り組まれたような支援を被災自治体に対して行うためには、選挙実務に通じた人員の育成、確保が必要であると先ほどもおっしゃっていらっしゃいましたが、その派遣の仕組みなども含めまして、国のレベルで全国規模での支援体制の構築が平時から必要ではないかと思うところでありますが、御見解をお願いいたします。,https://kokkai.ndl.go.jp/txt/121714183X00320250507/89
2025-05-07,小島勇人,,憲法審査会,○参考人（小島勇人君） 何らかのそういうスキームというか、そういうものをあらかじめ考えておくことは必要だと思います。東日本大震災のときもそういうスキームをつくって対応してまいりましたので、そのときのものが何か参考になる可能性はあると思います。,https://kokkai.ndl.go.jp/txt/121714183X00320250507/90
2025-05-07,水野素子,立憲民主・社民・無所属,憲法審査会,○水野素子君ありがとうございました。平時から備えが必要であると思います。ありがとうございました。終わります。,https://kokkai.ndl.go.jp/txt/121714183X00320250507/91
2025-05-07,中曽根弘文,自由民主党,憲法審査会,○会長（中曽根弘文君） 柴田巧君。,https://kokkai.ndl.go.jp/txt/121714183X00320250507/92
2025-05-07,柴田巧,日本維新の会,憲法審査会,○柴田巧君日本維新の会の柴田巧です。今日は、お忙しい中、総務省の笠置選挙部長、そして大泉参考人、小島参考人にお越しをいただきまして、また、それぞれ御経験に基づいて貴重な御意見を賜りましたことに私からも感謝を申し上げたいと思います。改めて言うまでもありませんが、我が国は災害大国であります。地震や、先ほども富士山の噴火などの話もありましたけれども、更に言うと感染症もあるしテロもあるし、いろんな緊急時にやっぱり備えをしておくというのが肝要なことで、そしてこの議会制民主主義をどう守って国会の機能を止めないかということをこの憲法審査会でもこれはこれまで議論をしてきたわけであります。いわゆる選挙困難事態の中で今申し上げたことをどう果たしていくかという観点からそれぞれお聞きをしたい、両参考人に、大泉、小島参考人にお聞きをしたいと思っております。先ほどの質問等とも重なる部分はありますが、今までの、こうやって選挙管理実務に携わってこられて、もちろん現行の枠組みの中で事に当たっていく、滞りなくやっていくというのは第一義的にはそうなんでしょうけれども、先ほどもそれぞれお触れになりましたけれども、やはり長期的...,https://kokkai.ndl.go.jp/txt/121714183X00320250507/93
2025-05-07,大泉淳一,,憲法審査会,○参考人（大泉淳一君） もう先ほどから申しましているとおり、今の公選法は、その長期的な災害などについては、ある意味、そこは念頭に置いておらず、選挙をいかに適正に終わすかと、きちっとやるかということの観点からできていると思われますので、長期的な災害などが出てきたときは、先ほどの東日本大震災の別な立法というようなことで対応するというような実績があったと思います。そういう中ででございますけれども、これも繰り返しになりますけれども、現在のところは憲法マターと法律マターがあって、法律でできるところは今まででしたらなるべく柔軟に対応してきたというところでございました。そういう中での議論の中で今までの積み重ねができてきておりますけれども、そこから先につきましては、ちょっと私の立場からは申し上げるような知見もございませんのでということでございます。,https://kokkai.ndl.go.jp/txt/121714183X00320250507/94
2025-05-07,小島勇人,,憲法審査会,○参考人（小島勇人君） 今までの大震災も含め、これまでの教訓というものは積み重ねてあります。ですから、それを、まず積み重ねを一般化するというか、何か整理するということが必要かなというふうに思いますし、それから、やっぱりこれは、何というんですかね、災害で支援を受ける立場、する立場、両方分かれますので、いずれにしても、この業務継続計画的なものをやっぱりその団体としてきちっとどう考えていくか、選挙も含めて、じゃないかなというふうに私はまずは思います。公選法でどうこうするという話については、それぞれお答えがあったので私の口から申し述べることはございませんけれども、それぞれ自治事務、法定受託事務としてやるべき立場でありますので、地方公共団体は、そういった意味で、自らの業務継続計画、選挙事務を含めきちっと対応していく、ＢＣＰという略称で言われていますけれども、そういったことは絶対的に必要であろうと。で、それに基づいて何かマニュアル的なものを自らどう考えるかということだと思います。誰かに与えられるというよりも、自分たちでどう考えていくかということじゃないかなと私は思います、地方公共団体としての仕事で...,https://kokkai.ndl.go.jp/txt/121714183X00320250507/95
2025-05-07,柴田巧,日本維新の会,憲法審査会,○柴田巧君ありがとうございました。それでは、時間もあれなので、小島参考人にもう一つお聞きをしたいと思いますが、資料でも拝見をしましたけれども、このマニュアル作りも進んでいきますが、マニュアルがあったとしても突発的なことに対処するやっぱり判断力が必要だと。そういう意味で、この選管の災害時を含めた危機対応能力の向上、人の面も含めて、これが極めて重要だと思いますが、この点、特にどういうところに力点を置くというか、やっていく必要があるとお考えか、この点をお聞きをしたいと思います。,https://kokkai.ndl.go.jp/txt/121714183X00320250507/96
2025-05-07,小島勇人,,憲法審査会,○参考人（小島勇人君） これは何といってもやっぱり人の問題であります。ですから、急に選挙事務やれといってもできるものではありませんから、幅広くその団体内で選挙事務を執行できる、そういう立場の人間をまずは団体ごとに育てる、そういったことはまず絶対的に必要かなというふうに思います。,https://kokkai.ndl.go.jp/txt/121714183X00320250507/97
2025-05-07,柴田巧,日本維新の会,憲法審査会,○柴田巧君もう時間が来たので終わりますが、今日のやり取りを聞いていても、やっぱり長期的かつ広範な選挙困難時には、議員任期の延長も含めたやはりそういった考え方もしっかり持って議論をしなきゃいけないのではないかということを改めて申し上げて、終わりたいと思います。,https://kokkai.ndl.go.jp/txt/121714183X00320250507/98
2025-05-07,中曽根弘文,自由民主党,憲法審査会,○会長（中曽根弘文君） 他に御発言もないようですから、参考人等に対する質疑は終了いたします。参考人の皆様には貴重な御意見をお述べいただきまして、誠にありがとうございました。審査会を代表いたしまして、厚く御礼を申し上げます。本日の調査はこの程度にとどめ、これにて散会いたします。午後三時五分散会,https://kokkai.ndl.go.jp/txt/121714183X00320250507/99
2025-05-09,牧野たかお,自由民主党,議院運営委員会,○委員長（牧野たかお君） ただいまから議院運営委員会を開会いたします。まず、国会法及び議院における証人の宣誓及び証言等に関する法律の一部を改正する法律案を議題といたします。提出者衆議院議院運営委員長浜田靖一君から趣旨説明を聴取いたします。衆議院議員浜田靖一君。,https://kokkai.ndl.go.jp/txt/121714024X01820250509/1
2025-05-09,浜田靖一,自由民主党・無所属の会,議院運営委員会,○衆議院議員（浜田靖一君） ただいま議題となりました法律案につきまして、提案の趣旨を御説明申し上げます。本法律案は、重要経済安保情報の保護及び活用に関する法律附則第十条の規定に基づく検討を踏まえ、国会において重要経済安保情報の提供を受ける際の手続やその他国会における重要経済安保情報の保護措置を定めようとするものであります。なお、施行日は、重要経済安保情報の保護及び活用に関する法律の施行の日である令和七年五月十六日であります。何とぞ、御賛同くださいますようお願い申し上げます。以上です。,https://kokkai.ndl.go.jp/txt/121714024X01820250509/2
2025-05-09,牧野たかお,自由民主党,議院運営委員会,○委員長（牧野たかお君） 本案につきまして御意見のある方は御発言願います。,https://kokkai.ndl.go.jp/txt/121714024X01820250509/3
2025-05-09,岩渕友,日本共産党,議院運営委員会,○岩渕友君国会法、議院証言法、規則等の改正について意見表明を行います。今回の改正は、昨年成立したいわゆる経済秘密保護法を受け、国会が重要経済安保情報の提供を受けるに当たっての手続や保護措置を、秘密保護法の特定秘密の場合に準じて定めるものです。一連の改正案は、国会の情報監視審査会が重要経済安保情報の運用をチェックするという建前を取っていますが、そもそも、経済秘密保護法は、政府の持つ膨大な情報から政府が勝手に秘密を指定し、秘密漏えいや取得に厳罰を科す秘密保護法体制を経済分野にまで拡大するもので、秘密を扱うことになる民間労働者、技術者、研究者を、適性評価と称する身辺調査を行い、監視するものです。我が党は、憲法の基本原理である国民主権と基本的人権を根底から覆す違憲立法だとして反対しました。改正案は、議院証言法や国会法百四条に基づき国会が提出を求めたときは応じなければならないと定めている、内閣、官公署の証言、報告、記録の提出義務について、政府や省庁が重要経済安保情報が含まれると言えば、提出を拒否できると規定しています。さらに、経済秘密保護法の下で公益上の必要等により提供された重要経済安保情報を知...,https://kokkai.ndl.go.jp/txt/121714024X01820250509/4
2025-05-09,牧野たかお,自由民主党,議院運営委員会,○委員長（牧野たかお君） 他に御発言ございませんか。──他に御発言がなければ、これより採決を行います。本案に賛成の諸君の起立を願います。〔賛成者起立〕,https://kokkai.ndl.go.jp/txt/121714024X01820250509/5
2025-05-09,牧野たかお,自由民主党,議院運営委員会,○委員長（牧野たかお君） 多数と認めます。よって、本案は多数をもって原案どおり可決すべきものと決定いたしました。なお、審査報告書の作成につきましては、これを委員長に御一任願いたいと存じますが、御異議ございませんか。〔「異議なし」と呼ぶ者あり〕,https://kokkai.ndl.go.jp/txt/121714024X01820250509/6
2025-05-09,牧野たかお,自由民主党,議院運営委員会,○委員長（牧野たかお君） 御異議ないと認め、さよう決定いたします。提出者は御退席いただいて結構でございます。---,https://kokkai.ndl.go.jp/txt/121714024X01820250509/7
2025-05-09,牧野たかお,自由民主党,議院運営委員会,○委員長（牧野たかお君） 次に、規則案の委員会審査省略要求の取扱いに関する件及び規程案の委員会審査省略要求の取扱いに関する件の両件を一括して議題といたします。事務総長の報告を求めます。,https://kokkai.ndl.go.jp/txt/121714024X01820250509/8
2025-05-09,小林史武,,議院運営委員会,○事務総長（小林史武君） 去る七日、馬場成志君外七名から参議院規則の一部を改正する規則案及び参議院情報監視審査会規程の一部を改正する規程案が提出されました。両案には、発議者全員から委員会の審査を省略されたい旨の要求書が付されております。この要求につきまして御審議をお願いいたします。,https://kokkai.ndl.go.jp/txt/121714024X01820250509/9
2025-05-09,牧野たかお,自由民主党,議院運営委員会,○委員長（牧野たかお君） これより採決を行います。本規則案及び本規程案の委員会審査を省略することに賛成の諸君の起立を求めます。〔賛成者起立〕,https://kokkai.ndl.go.jp/txt/121714024X01820250509/10
2025-05-09,牧野たかお,自由民主党,議院運営委員会,○委員長（牧野たかお君） 多数と認めます。よって、さよう決定いたしました。---,https://kokkai.ndl.go.jp/txt/121714024X01820250509/11
2025-05-09,牧野たかお,自由民主党,議院運営委員会,○委員長（牧野たかお君） 次に、国会職員の適性評価の実施に関する件の一部改正に関する件を議題といたします。事務総長の説明を求めます。,https://kokkai.ndl.go.jp/txt/121714024X01820250509/12
2025-05-09,小林史武,,議院運営委員会,○事務総長（小林史武君） 御説明申し上げます。本件は、国会職員の適性評価について、特定秘密に準じて重要経済安保情報に関する規定を追加しようとするものでございます。以上でございます。,https://kokkai.ndl.go.jp/txt/121714024X01820250509/13
2025-05-09,牧野たかお,自由民主党,議院運営委員会,○委員長（牧野たかお君） これより採決を行います。本件につきまして、ただいまの事務総長説明のとおり改正することに賛成の諸君の起立を願います。〔賛成者起立〕,https://kokkai.ndl.go.jp/txt/121714024X01820250509/14
2025-05-09,牧野たかお,自由民主党,議院運営委員会,○委員長（牧野たかお君） 多数と認めます。よって、さよう決定いたしました。---,https://kokkai.ndl.go.jp/txt/121714024X01820250509/15
2025-05-09,牧野たかお,自由民主党,議院運営委員会,○委員長（牧野たかお君） 次に、本会議における議案の趣旨説明聴取及び質疑に関する件を議題といたします。本件につきましては、理事会において協議いたしました結果、下請代金支払遅延等防止法及び下請中小企業振興法の一部を改正する法律案につき、本日の本会議においてその趣旨説明を聴取するとともに、立憲民主・社民・無所属一人十五分、公明党、日本維新の会、国民民主党・新緑風会及び日本共産党各々一人十分の質疑を順次行うことに意見が一致いたしました。理事会申合せのとおり決定することに御異議ございませんか。〔「異議なし」と呼ぶ者あり〕,https://kokkai.ndl.go.jp/txt/121714024X01820250509/16
2025-05-09,牧野たかお,自由民主党,議院運営委員会,○委員長（牧野たかお君） 御異議ないと認め、さよう決定いたします。---,https://kokkai.ndl.go.jp/txt/121714024X01820250509/17
2025-05-09,牧野たかお,自由民主党,議院運営委員会,○委員長（牧野たかお君） 次に、本日の本会議の議事に関する件を議題といたします。事務総長の説明を求めます。,https://kokkai.ndl.go.jp/txt/121714024X01820250509/18
2025-05-09,小林史武,,議院運営委員会,○事務総長（小林史武君） 御説明申し上げます。本日の議事は、最初に、下請代金支払遅延等防止法及び下請中小企業振興法の一部を改正する法律案の趣旨説明でございます。まず、日程に追加して提出者の趣旨説明を求めることを異議の有無をもってお諮りいたします。異議がないと決しますと、伊東国務大臣から趣旨説明があり、これに対し、村田享子君、平木大作君、串田誠一君、礒崎哲史君、岩渕友君の順に質疑を行います。次に、日程第一ないし第四を一括して議題とした後、外交防衛委員長が報告されます。採決は二回に分けて行います。まず日程第一、第二及び第四を一括して採決し、次いで日程第三を採決いたします。次に、日程第五について、地方創生及びデジタル社会の形成等に関する特別委員長が報告された後、採決いたします。次に、日程第六について、財政金融委員長が報告された後、採決いたします。次に、先ほど本委員会を議了いたしました国会法及び議院証言法改正案の緊急上程でございます。まず、本案を日程に追加して議題とすることを異議の有無をもってお諮りいたします。異議がないと決しますと、議院運営委員長が報告された後、採決いたします。次に、参議院規...,https://kokkai.ndl.go.jp/txt/121714024X01820250509/19
2025-05-09,牧野たかお,自由民主党,議院運営委員会,○委員長（牧野たかお君） ただいまの事務総長説明のとおり本日の本会議の議事を進めることに御異議ございませんか。〔「異議なし」と呼ぶ者あり〕,https://kokkai.ndl.go.jp/txt/121714024X01820250509/20
2025-05-09,牧野たかお,自由民主党,議院運営委員会,○委員長（牧野たかお君） 御異議ないと認め、さよう決定いたします。なお、予鈴は午前九時五十五分、本鈴は午前十時でございます。暫時休憩いたします。午前九時四十八分休憩 〔休憩後開会に至らなかった〕,https://kokkai.ndl.go.jp/txt/121714024X01820250509/21
2025-05-08,浜田靖一,自由民主党・無所属の会,議院運営委員会,○浜田委員長これより会議を開きます。まず、趣旨説明を聴取する議案の件についてでありますが、内閣提出の環境影響評価法の一部を改正する法律案は、本日の本会議において趣旨の説明を聴取し、これに対する質疑を行うことに御異議ありませんか。〔「異議なし」と呼ぶ者あり〕,https://kokkai.ndl.go.jp/txt/121704024X02520250508/1
2025-05-08,浜田靖一,自由民主党・無所属の会,議院運営委員会,○浜田委員長御異議なしと認めます。よって、そのように決定いたしました。なお、本法律案の趣旨説明は、浅尾環境大臣が行います。本法律案の趣旨説明に対し、立憲民主党・無所属の川原田英世君、国民民主党・無所属クラブの仙田晃宏君から、それぞれ質疑の通告があります。質疑時間は、各々十五分以内とするに御異議ありませんか。〔「異議なし」と呼ぶ者あり〕,https://kokkai.ndl.go.jp/txt/121704024X02520250508/2
2025-05-08,浜田靖一,自由民主党・無所属の会,議院運営委員会,○浜田委員長御異議なしと認めます。よって、そのように決定いたしました。なお、質疑者の要求大臣は、お手元の印刷物のとおりであります。――――――――――――― 一、趣旨説明を聴取する議案の件環境影響評価法の一部を改正する法律案（内閣提出） 趣旨説明環境大臣浅尾慶一郎君（約三分） 質疑通告時間要求大臣川原田英世君（立憲） 15分以内環境仙田晃宏君（国民） 15分以内赤澤国務（経済再生）、経産、環境 ―――――――――――――,https://kokkai.ndl.go.jp/txt/121704024X02520250508/3
2025-05-08,浜田靖一,自由民主党・無所属の会,議院運営委員会,○浜田委員長次に、本日の本会議の議事の順序について、事務総長の説明を求めます。,https://kokkai.ndl.go.jp/txt/121704024X02520250508/4
2025-05-08,築山信彦,,議院運営委員会,○築山事務総長まず、日程第一につき、西村法務委員長の報告がございまして、参政党が反対でございます。次に、日程第二につき、藤丸厚生労働委員長の報告がございまして、れいわ新選組及び日本共産党が反対でございます。次に、環境影響評価法改正案につきまして、浅尾環境大臣から趣旨の説明がございます。これに対しまして、二人の方々からそれぞれ質疑が行われます。本日の議事は、以上でございます。――――――――――――― 議事日程第二十二号令和七年五月八日午後一時開議第一民事裁判情報の活用の促進に関する法律案（内閣提出） 第二労働安全衛生法及び作業環境測定法の一部を改正する法律案（内閣提出、参議院送付） ―――――――――――――,https://kokkai.ndl.go.jp/txt/121704024X02520250508/5
2025-05-08,浜田靖一,自由民主党・無所属の会,議院運営委員会,○浜田委員長それでは、本日の本会議は、午後零時五十分予鈴、午後一時から開会いたします。―――――――――――――,https://kokkai.ndl.go.jp/txt/121704024X02520250508/6
2025-05-08,浜田靖一,自由民主党・無所属の会,議院運営委員会,○浜田委員長次に、次回の本会議の件についてでありますが、次回の本会議は、来る十三日火曜日午後一時から開会することといたします。また、同日午前十一時理事会、正午から委員会を開会いたします。本日は、これにて散会いたします。午後零時一分散会,https://kokkai.ndl.go.jp/txt/121704024X02520250508/7
2025-05-07,中曽根弘文,自由民主党,憲法審査会,○会長（中曽根弘文君） ただいまから憲法審査会を開会いたします。政府参考人の出席要求に関する件についてお諮りいたします。日本国憲法及び日本国憲法に密接に関連する基本法制に関する調査のため、本日の審査会に、幹事会協議のとおり、総務省自治行政局選挙部長笠置隆範君を政府参考人として出席を求め、その説明を聴取することに御異議ございませんか。〔「異議なし」と呼ぶ者あり〕,https://kokkai.ndl.go.jp/txt/121714183X00320250507/1
2025-05-07,中曽根弘文,自由民主党,憲法審査会,○会長（中曽根弘文君） 御異議ないと認め、さよう決定いたします。---,https://kokkai.ndl.go.jp/txt/121714183X00320250507/2
2025-05-07,中曽根弘文,自由民主党,憲法審査会,○会長（中曽根弘文君） 参考人の出席要求に関する件についてお諮りいたします。日本国憲法及び日本国憲法に密接に関連する基本法制に関する調査のため、憲法に対する考え方についてのうち、災害時等の選挙制度について、本日の審査会に一般社団法人選挙制度実務研究会会長大泉淳一君及び同理事長・総務省管理執行アドバイザー小島勇人君を参考人として出席を求め、その御意見を聴取することに御異議ございませんか。〔「異議なし」と呼ぶ者あり〕,https://kokkai.ndl.go.jp/txt/121714183X00320250507/3
2025-05-07,中曽根弘文,自由民主党,憲法審査会,○会長（中曽根弘文君） 御異議ないと認め、さよう決定いたします。---,https://kokkai.ndl.go.jp/txt/121714183X00320250507/4
2025-05-07,中曽根弘文,自由民主党,憲法審査会,○会長（中曽根弘文君） 日本国憲法及び日本国憲法に密接に関連する基本法制に関する調査を議題といたします。本日は、憲法に対する考え方についてのうち、災害時等の選挙制度について総務省から説明を聴取し、参考人の皆様から御意見を伺います。この際、参考人の皆様に一言御挨拶を申し上げます。本日は、御多忙のところ本審査会に御出席いただきまして、誠にありがとうございます。皆様から忌憚のない御意見を賜りまして、今後の調査の参考にいたしたいと存じますので、よろしくお願いいたします。議事の進め方でございますが、まず、総務省から説明を聴取し、次に、大泉参考人、小島参考人の順にお一人十五分程度で順次御意見をお述べいただいた後、各委員からの質疑にお答えいただきたいと存じます。全体の所要は二時間を目途といたします。なお、御発言は、質疑、答弁とも着席のままで結構でございます。まず、総務省から説明を聴取いたします。笠置総務省自治行政局選挙部長。,https://kokkai.ndl.go.jp/txt/121714183X00320250507/5
2025-05-07,笠置隆範,,憲法審査会,○政府参考人（笠置隆範君） 座ったままでいいということでございますか。総務省選挙部長の笠置でございます。横置きの災害時の選挙制度という資料を用意させていただいておりますので、それに沿って御説明申し上げます。まず、一ページ目でございます。衆議院総選挙及び参議院通常選挙の期日についてでございます。衆議院総選挙及び参議院通常選挙は、憲法及び公職選挙法の規定に基づきまして選挙を行うべき期間が定まることとなりまして、その期間内の特定の日が選挙期日として閣議決定を経て公示をされるということになってございます。憲法には、衆議院の解散・総選挙についてのみ規定が置かれておりまして、それは第五十四条でございますが、衆議院が解散されたときは、解散の日から四十日以内に衆議院の選挙を行うこととされてございます。同様の規定が公職選挙法の第三十一条の三項にも規定をされているということでございます。次に、衆議院の任期満了による総選挙につきましては、公職選挙法第三十一条一項及び第二項に規定がございます。原則としては、議員の任期満了が終わる日前三十日以内に行うとされてございます。ただし、その期間が国会開会中又は国会閉会日...,https://kokkai.ndl.go.jp/txt/121714183X00320250507/6
2025-05-07,中曽根弘文,自由民主党,憲法審査会,○会長（中曽根弘文君） 次に、参考人の皆様から御意見をお述べいただきます。まず、大泉参考人にお願いいたします。大泉参考人。,https://kokkai.ndl.go.jp/txt/121714183X00320250507/7
2025-05-07,大泉淳一,,憲法審査会,○参考人（大泉淳一君） 選挙制度実務研究会の大泉淳一と申します。本日は、参考人として御招致をいただき、ありがとうございます。選挙制度実務研究会は、隣の小島理事長ら選管の経験者とともに、選挙管理委員会が業務を適正、円滑に推進できるよう、会員の選管からの質問に答えたり選挙管理に関する研修を行ったりしている団体です。本日は、災害と選挙について、総務省の説明とちょっとかぶるところもあると思いますけれども、御容赦いただきまして、簡単なものですがレジュメを用意しましたので、それに沿ってお話をさせていただきたいと思います。まず、公選法は災害、天災をどれぐらい意識して作られているかということの観点から条文を見てみました。主なものとしては、選挙人名簿関係で、二十二条で天災その他特別の事情がある場合に登録日を変更するというもの、それから三十条では天災事変その他の事故により必要があるときと、先ほどよりちょっと重い書きぶりなんですけれども、条文的には選挙人名簿が消失したときなどに再調製する規定があります。投票関係については、まず、投票所は投票日の五日前までに選管が告示しなければいけないのですが、天災その他の避...,https://kokkai.ndl.go.jp/txt/121714183X00320250507/8
2025-05-07,中曽根弘文,自由民主党,憲法審査会,○会長（中曽根弘文君） ありがとうございました。次に、小島参考人にお願いいたします。小島参考人。,https://kokkai.ndl.go.jp/txt/121714183X00320250507/9
2025-05-07,小島勇人,,憲法審査会,○参考人（小島勇人君） 一般社団法人選挙制度実務研究会理事長の小島勇人でございます。どうぞよろしくお願いいたします。本日は、このような憲法審査に係る大変重要な場で御説明の機会をいただきましたことに感謝申し上げる次第でございます。私は、これまで、総務省選挙部の御要請により、平成二十八年の参議院議員通常選挙を控えて発災した熊本地震、昨年一月の能登半島地震、豪雨災害の被災地に総務省選挙部の担当の方とともに現地に赴き、状況を把握し、選挙の執行に向けた助言等を実施してまいりました。本日は、とりわけ象徴的とも言えます、私が川崎市選挙管理委員会事務局長として体験いたしました平成二十三年の東日本大震災における支援の状況につきまして御説明をさせていただきたいと思います。本日の御説明に関連する資料につきましては、お手元に御配付のとおりでございますが、資料一、都道府県選管連合会発行の「選挙」という月刊誌に掲載いたしました、私が事務局長を務めておりました川崎市選挙管理委員会事務局が行った陸前高田市への選挙支援の記録でございます。資料二は、被災地への人的支援に当たっての留意点をまとめたものでございます。資料三は...,https://kokkai.ndl.go.jp/txt/121714183X00320250507/10
2025-05-07,中曽根弘文,自由民主党,憲法審査会,○会長（中曽根弘文君） ありがとうございました。以上で参考人の御意見の陳述は終わりました。これより参考人等に対する質疑を行います。質疑を希望される方は、氏名標をお立ていただき、会長の指名を受けた後、御発言を願います。なお、質疑が終わった方は、氏名標を横にお戻しください。参考人の方々におかれましては、答弁の際、挙手の上、会長の指名を受けた後、御発言を願います。それでは、質疑のある方は、二巡目以降の質疑を希望される方も含め、氏名標をお立てください。まず、一巡目は各会派一名ずつ指名させていただき、質疑時間は答弁を含め各八分以内といたします。佐藤正久君。,https://kokkai.ndl.go.jp/txt/121714183X00320250507/11
2025-05-07,佐藤正久,自由民主党,憲法審査会,○佐藤正久君自民党の佐藤正久です。総務省選挙部長、大泉参考人、小島参考人の三名の皆様には、大変貴重な御説明、御意見をいただきましたこと、感謝申し上げます。それでは、早速、会派を代表して発言をさせていただきます。国民主権原理の下、国民の選挙権の行使の保障は極めて大事であり、緊急事態時においても国政選挙を行い得る体制の整備が重要です。ゆえに、これまで、災害等が発生した場合、まずは期日どおりに国政選挙を実施できるよう、災害後の避難者の投票機会の確保のために不在者投票や期日前投票など様々な既存の制度を工夫することで対応すべきと考えます。その上で、不在者投票や期日前投票等の工夫でどうしても対応できない場合には、公職選挙法第五十七条が定める繰延べ投票を行うことになると考えています。この繰延べ投票の期間ですが、国政選挙における過去の二例の繰延べ投票では、昭和四十年七月四日執行の参議院議員選挙では七日間の繰延べ期間となり、被災地では七月十一に投票が行われました。もう一つの例である昭和四十九年七月七日執行の参議院議員選挙でも七日間の繰延べ期間となり、被災地での投票は七月十四日となりました。このことから繰...,https://kokkai.ndl.go.jp/txt/121714183X00320250507/12
2025-05-07,笠置隆範,,憲法審査会,○政府参考人（笠置隆範君） 公職選挙法第五十七条は、天災その他避けることのできない事故により投票所で投票を行うことができないときに繰延べ投票を行うと定めてございます。災害時におきましても有権者の投票の機会を確保することは重要でございまして、繰延べ投票や不在者投票の制度を活用することでそうした機会の確保に努めることとなると考えてございます。過去の国会答弁におきましても、そのような趣旨の説明がされてきたと承知をいたしております。また、繰延べ投票につきましては、何日以内に投票を行わせなければならないという法律上の定めはございませんで、選挙管理委員会が投票を適正に行わせることが可能であると判断をした時点で、選挙結果を速やかに確定させるという観点から、できるだけ早期に投票を行わせることとなるものでございます。,https://kokkai.ndl.go.jp/txt/121714183X00320250507/13
2025-05-07,佐藤正久,自由民主党,憲法審査会,○佐藤正久君ありがとうございました。繰延べ投票はまさに被災地の国民の投票権を保障する重要な制度であることから、できる限り柔軟な対応が可能となるような制度設計になっているのではないかと受け止めました。一方で、選挙の公平性等の観点から、今の制度設計のままでよいのかという考えもあるのではないかと思います。そこで、大泉参考人、小島参考人に質問いたします。選挙の公平性の観点を踏まえると、繰延べ投票となった対象地域における選挙運動の期間や選挙費用などに関して何らかの見直しに向けた検討も必要となるかもしれませんが、総務省や国会での勤務経験のある大泉参考人、また自治体において災害時の選挙アドバイザーとして御活躍されており実務の御見識も深い小島参考人は、この期間や選挙費用などについてどのようにお考えでしょうか。さらに、繰延べ投票制度の在り方に関しまして、災害の長期化等にも十分対応し得る制度となるよう更に検討すべき課題があれば御教示いただきたいと思います。両参考人にお願いいたします。,https://kokkai.ndl.go.jp/txt/121714183X00320250507/14
2025-05-07,大泉淳一,,憲法審査会,○参考人（大泉淳一君） 現在の繰延べ投票ですけれども、選挙運動の期間や選挙運動の費用に関しては、選挙運動期間は、先ほど事例で申し上げましたとおり、繰延べ投票の投票日の前日まで選挙運動をすることができるというふうにされておりますので、そういうふうになっております。また、選挙運動費用については、公職選挙法の百九十五条の規定を受けて、それから施行令が決まっておりまして、選挙運動に関する支出金額の制限額が一定額加算されるというルールになっております。これらの規定について見直しをするかということでございますけれども、繰延べ投票は、これまでの実績を見ますと、まさに選挙を早期に実施するという要請の下に必要最小限の範囲で何とか実施してきたというようなことだったと考えられます。言わば、通常の選挙執行体制の下で、その大きな枠組み、大枠を維持したままで、ある意味、例外的な便法を講じることによりまして一体として適正な選挙を実施するというものだと見受けられます。そういう意味からいって、繰延べ投票の見直しも必要でしょうけれども、もし災害が長期化、もし長期化するなどのことがございましたならば、阪神・淡路大震災、東日...,https://kokkai.ndl.go.jp/txt/121714183X00320250507/15
2025-05-07,小島勇人,,憲法審査会,○参考人（小島勇人君） まず第一点目の、繰延べ投票となった対象地域における選挙運動期間、選挙費用に関してでございますが、ただいま会長及び総務省選挙部長の方から御説明があったとおりでございますけれども、通常の場合、選挙運動期間は、公職選挙法百二十九条の規定により、公示日から選挙の期日の前日までとされておりますが、繰延べ投票が行われた場合、当該地域につきましては繰り延べられたその投票日をいうものと解されておりますので、繰延べ投票が行われる投票区の区域につきまして、繰延べ投票の前日まで選挙運動をすることができるものでございます。一方、繰延べ投票の場合の選挙運動に関する支出制限につきましても、既に御説明がございましたけれども、公職選挙法百九十五条の規定を受けた公職選挙法施行令百二十七条の二第四項の規定によって、当該選挙の事務を管理する選挙管理委員会が同条第一項から第三項までの規定に準じて算出した額の範囲内で定める額とされております。繰延べ投票が行われる投票区の区域におきましては繰延べ投票の前日まで選挙運動をすることのできるものでございますが、繰延べ期間の幅によりまして選挙運動費用は、各候補者の...,https://kokkai.ndl.go.jp/txt/121714183X00320250507/16
2025-05-07,佐藤正久,自由民主党,憲法審査会,○佐藤正久君選挙困難事態については、現行の繰延べ投票制度について有識者から意見を聴取し、議論を深めていくことが適当ではないかと申し上げたところであり、本日の審議は大変有意義であると考えます。以上です。,https://kokkai.ndl.go.jp/txt/121714183X00320250507/17
2025-05-07,中曽根弘文,自由民主党,憲法審査会,○会長（中曽根弘文君） 小西洋之君。,https://kokkai.ndl.go.jp/txt/121714183X00320250507/18
2025-05-07,小西洋之,立憲民主・社民・無所属,憲法審査会,○小西洋之君立憲民主・社民・無所属の小西洋之でございます。私からも、笠置選挙部長、大泉、小島両参考人の御説明に深く感謝を申し上げますとともに、皆様におかれましては、大震災を始めとする選挙の実施のために奮闘してくださっていたことに深い感謝と敬意を表させていただきます。私からは繰延べ投票を中心に、まず制度の基本について選挙部長に御質問をさせていただいて、その後、その運用等について両お二方の参考人に御質問させていただきたいと思います。まず、選挙部長に質問をさせていただきますが、繰延べ投票ですけれども、その制度の内容上、どうしても同時あるいは一斉に投票が行われない形態の選挙になるわけでございますけれども、こうしたものは憲法に違反する制度なのか、違反しないのか、端的にお願いいたします。,https://kokkai.ndl.go.jp/txt/121714183X00320250507/19
2025-05-07,笠置隆範,,憲法審査会,○政府参考人（笠置隆範君） 公職選挙法第五十七条、繰延べ投票でございますが、こちらは天災その他避けることのできない事故により投票所で投票を行うことができないときに繰延べ投票を行うということを定めてございまして、やむを得ない理由により投票ができない場合の方法を定めたこの五十七条の規定は憲法に違反するものではないと考えております。,https://kokkai.ndl.go.jp/txt/121714183X00320250507/20
2025-05-07,小西洋之,立憲民主・社民・無所属,憲法審査会,○小西洋之君ありがとうございました。先ほどの佐藤筆頭幹事のと一部重なるのですが、二問目ですが、災害時における有権者の投票機会の確保という繰延べ投票の制度趣旨からすると、繰延べ投票の実施に当たり、災害規模や繰り延べる期間による法律上の制約はないということでよろしいでしょうか、笠置選挙部長。,https://kokkai.ndl.go.jp/txt/121714183X00320250507/21
2025-05-07,笠置隆範,,憲法審査会,○政府参考人（笠置隆範君） 五十七条の繰延べ投票でございますが、こちらにつきましては、災害の規模に関する規定もございませんし、何日以内に投票を行わせねばならないといった法律上の定めもないと。したがいまして、天災その他避けることのできない事故により投票所単位で投票を行うことができない場合に投票日を繰り延べるわけでございますが、選挙管理委員会が投票を適正に行わせることが可能であると判断した時点で、できるだけ早期に投票を行わせるということでございます。,https://kokkai.ndl.go.jp/txt/121714183X00320250507/22
2025-05-07,小西洋之,立憲民主・社民・無所属,憲法審査会,○小西洋之君じゃ、続けて選挙部長に。次に、今の運用上の観点なんですけれども、被害が広範囲にわたっている、あるいはその選挙実施までに長期間を要するような災害では、繰延べ投票では対応できないのかどうかについて答弁をお願いいたします。,https://kokkai.ndl.go.jp/txt/121714183X00320250507/23
2025-05-07,笠置隆範,,憲法審査会,○政府参考人（笠置隆範君） 災害等によりまして投票所において投票を行うことができないことが見込まれる場合には、投票所の変更でありますとか期日前投票の活用、あるいは繰延べ投票を検討することとなると考えられますが、被害が広範囲であるということのみをもって繰延べ投票ができないということにはならないのだと考えております。,https://kokkai.ndl.go.jp/txt/121714183X00320250507/24
2025-05-07,小西洋之,立憲民主・社民・無所属,憲法審査会,○小西洋之君ちょっと確認ですが、今は長期間を要する災害でもということでよろしいでしょうか。,https://kokkai.ndl.go.jp/txt/121714183X00320250507/25
2025-05-07,笠置隆範,,憲法審査会,○政府参考人（笠置隆範君） 被害の状況、態様によって繰延べ投票ができない、できるということにはならないと考えてございます。,https://kokkai.ndl.go.jp/txt/121714183X00320250507/26
2025-05-07,小西洋之,立憲民主・社民・無所属,憲法審査会,○小西洋之君ありがとうございました。では、選挙部長に重ねてですが、当然のことだと思うんですが、念のための確認ですが、選挙の公示、告示日以降に投票の期日を延期する制度としては現行では繰延べ投票しかないという認識でよろしいでしょうか。また、これも確認ですが、投票所で投票ができない原因が公示、告示日以前に発生した災害の場合であっても投票を繰り延べることはできるという認識でよろしいでしょうか。,https://kokkai.ndl.go.jp/txt/121714183X00320250507/27
2025-05-07,笠置隆範,,憲法審査会,○政府参考人（笠置隆範君） 選挙期日の公示あるいは告示後に投票の期日を延期するものといたしましては、五十七条の繰延べ投票以外にはないということでございます。また、後段のお尋ねですが、災害の発生時期というお話でございますが、災害の発生時期問わず、五十七条の要件、天災その他の避けることのできない事故により投票所において投票を行うことができないときに繰延べ投票を行うというものでございます。,https://kokkai.ndl.go.jp/txt/121714183X00320250507/28
2025-05-07,小西洋之,立憲民主・社民・無所属,憲法審査会,○小西洋之君ありがとうございました。では、小島参考人に伺わさせていただきます。この資料、私も事前に拝見させていただきまして、陸前高田などの被災地の選挙の実現、改めて重ねて敬意を表させていただきます。先ほど小島参考人の御発言の中でとても印象的に思いましたのが、これ統一地方選、大震災のときが例ですけれども、日本の選挙で、統一地方選全体が延長になると川崎市のような支援ができないと、なので川崎市としてはまずは自分たちの選挙を適切にこの期限までに終わらせることに頑張られたということなんですが、これ非常に重要だと思うんですけれども、大規模の災害が起きたときには災害を受けていない地域が着実に選挙を終わらせて、そのマンパワーで先ほどおっしゃったような支援を行うと、そういう取組をするということで考えたらよろしいでしょうか。もう簡潔に。,https://kokkai.ndl.go.jp/txt/121714183X00320250507/29
2025-05-07,小島勇人,,憲法審査会,○参考人（小島勇人君） 今御質問受けましたけれども、やはり全国規模での支援体制、これ絶対必要であると、その観点は私も全く同感であります。東日本大震災のときの陸前高田への人的支援、今お話がございましたように、統一地方選挙であったということで、全体が選挙をやっている最中でございますのでなかなか応援できない、ところが特例法を作って延期されたということでございますので、被害を受けてない、被災地でない選管の方から支援は非常に可能であったと。特に川崎市から長期にわたる人材の派遣は可能であったということでございます。ただ単に派遣すればいいというものじゃありませんので、派遣先の都市で必要とする業務の人材のニーズ、そういったものの確認、にかなった人材を送らなければならないということでございますので、そうでなければ的確な業務支援は見込めないということでございます。例えば、これ非常に重要なことだと思うんですが、先ほど来、選挙人名簿の登録システムの話も御説明ありましたけれども、こういったシステム、期日前投票システム、当日投票システム、こういったものは陸前高田で水没してしまって使えなくなった、それを復旧しなけれ...,https://kokkai.ndl.go.jp/txt/121714183X00320250507/30
2025-05-07,小西洋之,立憲民主・社民・無所属,憲法審査会,○小西洋之君詳細にありがとうございました。最後、大泉参考人に伺わせていただきたいんですけど、小島参考人の御説明の中で、その当地の首長の、川崎市長は立派な方だと思うんですが、その姿勢だとか意識だとか、あるいは、お話を伺っていると、総務省や、あるいは選管の指定都市、あるいは県選管の連合会などの連携が必要だと思うんですが、そういう大規模災害のときの、この首長にちゃんとそういう思いを持って動いていただくだとか、そのために必要な、例えば公選法上そういう、総務省の調整規定だとか、そういうものがあるのかどうか、特にないような気がするんですけれども、であればそういうのがあった方がいいのか、あるいは実際の運用上についてそういう課題が何かあるのか、最後、高い見地からお願いいたします。,https://kokkai.ndl.go.jp/txt/121714183X00320250507/31
2025-05-07,大泉淳一,,憲法審査会,○参考人（大泉淳一君） 総務省は、やはり災害が起きたときには一般的にきちっと、気付いたところをきちっとやっていくということだとは思いますけれども、今、小島参考人からあったような、具体的な改善すべき点とか、ここが困る点ということは実績がありますので、そこをきちっと対応するということをあらかじめ決めておくというようなことは大事だと思います。以上です。,https://kokkai.ndl.go.jp/txt/121714183X00320250507/32
2025-05-07,小西洋之,立憲民主・社民・無所属,憲法審査会,○小西洋之君ありがとうございました。,https://kokkai.ndl.go.jp/txt/121714183X00320250507/33
2025-05-07,中曽根弘文,自由民主党,憲法審査会,○会長（中曽根弘文君） 矢倉克夫君。,https://kokkai.ndl.go.jp/txt/121714183X00320250507/34
2025-05-07,矢倉克夫,公明党,憲法審査会,○矢倉克夫君公明党の矢倉克夫です。ありがとうございます。笠置選挙部長、また大泉参考人、小島参考人、大変貴重な御意見ありがとうございます。何点か御質問をさせていただきたいと思いますが、まず、笠置選挙部長に、総務省の参考人にお伺いしたいと思いますが、まあ基本的なことなんですけど、五ページ目の、いただいたレジュメ、繰延べ投票について、選挙期日は変わらないということで、趣旨としてはそのように、選挙期日そのものは変わらないけど投票日程だけが変わるという、こういうことであるということを改めて確認したいと思いますが。,https://kokkai.ndl.go.jp/txt/121714183X00320250507/35
2025-05-07,中曽根弘文,自由民主党,憲法審査会,○会長（中曽根弘文君） この際、参考人の方々にお願いいたします。質疑の時間が限られておりますので、恐縮ですが、答弁は簡潔に行われますよう御協力お願いいたします。,https://kokkai.ndl.go.jp/txt/121714183X00320250507/36
2025-05-07,笠置隆範,,憲法審査会,○政府参考人（笠置隆範君） 繰延べ投票につきましては、選挙期日を延期するものではないということでございます。,https://kokkai.ndl.go.jp/txt/121714183X00320250507/37
2025-05-07,矢倉克夫,公明党,憲法審査会,○矢倉克夫君では、小島参考人にお伺いしたいと思います。もう本当にあの震災のときの御奮闘、今も参考資料も拝見して、またお伺いしたところで、改めて敬意を表したいというふうに思います。本当に、一人一人の選挙権をしっかりと確保するという使命感に似た思いというのはすばらしいなと思います。それで、いかに災害時に選挙を行うことの大変さというのをちょっとイメージするためにお伺いしたいと思うんですけど、震災のとき、先ほどは、九月二十二日までということで一回延期をされ、で、一部については、また更に二次改正ということで十二月三十一日までという、これ災害時に、やはりこれだけ三・一一から延期をする必要がある、延期というか任期を延長して選挙期日を変える必要がある、それが、災害というのが選挙に与える影響というものを、これだけ延ばす必要があった影響というものを、改めて、現地に行かれた経験からちょっと教えていただきたいと思います。,https://kokkai.ndl.go.jp/txt/121714183X00320250507/38
2025-05-07,小島勇人,,憲法審査会,○参考人（小島勇人君） 現地に行ってやはり感じたことは、一刻も早く自分たちの代表を選んで復興復旧に尽力していただきたい、また自分たちもそれに協力するんだと、そういうことだと思います。,https://kokkai.ndl.go.jp/txt/121714183X00320250507/39
2025-05-07,矢倉克夫,公明党,憲法審査会,○矢倉克夫君ただ、その上で、なかなかやはり災害事情ではそれはすぐにできない状況にあるという、その実感みたいなところをちょっとまた教えていただきたいと思ったところだったんですが。,https://kokkai.ndl.go.jp/txt/121714183X00320250507/40
2025-05-07,小島勇人,,憲法審査会,○参考人（小島勇人君） 実感ですけれども、やはり陸前高田でいえば、やはり延期、二回目の延期ではなく一回目の延期で終わったわけですけれども、とにかく、地元の人たちも期日前投票、不在者投票に来て投票する、それからまた被災地から避難している方たち、そういった方たちも自分たちの選挙をやるんだという声が多く寄せられてきたことは間違いありません。その上で、選挙情報の基本である選挙公報等をどうやって送るんだというようなことになりまして、ホームページ等で少なくとも公表するような、そういう体制を組んだということでございます。,https://kokkai.ndl.go.jp/txt/121714183X00320250507/41
2025-05-07,矢倉克夫,公明党,憲法審査会,○矢倉克夫君ありがとうございます。大泉参考人にお伺いしたいと思うんですが、レジュメの方の過去の国政選挙の繰延べ投票の例、一九七四年以降、繰延べ投票という形はないということでありますが、先ほどその理由として、まさに自分たちの代表を、繰延べという形ではなくやはり決められた期日で早く決めたいという、この責任感であるとか、また、ほかのところの選挙区の当落、ほかのところに、決まらないような状態にならないようにするという責任感という、この有権者の方の意識というところもあったんですが、それ以外に、年月がたったことによる環境整備ということで、すぐにでき得るような要因があったということがあれば、もし、ちょっと教えていただければと思うんですが。,https://kokkai.ndl.go.jp/txt/121714183X00320250507/42
2025-05-07,大泉淳一,,憲法審査会,○参考人（大泉淳一君） ちょっと難しいんでございますけれども、ただ、今先生がおっしゃったようなことは、時代が変わって、今でもどうかというとなかなか難しくなりつつあるのかもしれませんけれども、当時はやはり選挙に対する思い入れというのがこの繰延べ投票のときにはよくあったということでございます。時間がたって、やはり安全あるいはプライバシーなどのいろんな状況の中で今後の選挙をどうやってつくっていくかということも新たな課題として出てくるんだと思いますけれども、やはりそこは、啓発などを通じまして、代表者を選んでいくというようなことについては引き続き重要だということを啓発していくしかないのかなと思っております。ちょっと余り答えになっていないかもしれませんが、失礼します。,https://kokkai.ndl.go.jp/txt/121714183X00320250507/43
2025-05-07,矢倉克夫,公明党,憲法審査会,○矢倉克夫君何か繰延べをする必要もないぐらいの制度の在り方とか、選挙に対する環境整備、ハード面も含めた、何かそういう改善があるとか、そういうことではなくということでよろしいわけですか。,https://kokkai.ndl.go.jp/txt/121714183X00320250507/44
2025-05-07,大泉淳一,,憲法審査会,○参考人（大泉淳一君） ちょっとそこは思い浮かばないといいますか、あくまで繰延べ投票は何かがあったときにそれをどうやってカバーしていくかというような発想からできていると思いますので、余り予防的なことは、ある意味で、先ほど選挙部長からもありましたけれども、何か災害が来そうなときには先に投票を繰り上げたり、あるいは時間帯を、投票日の時間帯を区切ったりするような、ある意味便法で乗り切っていくというようなところもあるんだと思います。,https://kokkai.ndl.go.jp/txt/121714183X00320250507/45
2025-05-07,矢倉克夫,公明党,憲法審査会,○矢倉克夫君ありがとうございます。また引き続いてちょっと大泉参考人に伺いたいんですが、例えば阪神・淡路大震災、また東日本大震災のとき、これは地方選挙で、法律によって選挙を延期して任期延長という形になった、これ、先ほど民主主義における災害時における選挙の重要性ということをおっしゃっていたわけですけど、任期延長することで、新しく選び直すわけではなく、過去の選挙結果をそのまま継続しているという一面もあるわけですけど、そういう部分がこの民主主義の正当性という点では何か意見があれば、もし、おっしゃっていただければなと思うんですが。,https://kokkai.ndl.go.jp/txt/121714183X00320250507/46
2025-05-07,大泉淳一,,憲法審査会,○参考人（大泉淳一君） そこは、基本的には、選挙をするときには任期が決まった上で投票して、任期を決めた上で選挙するわけですから、それを超えて議員の身分が続くというふうにそのときはなったわけでございますけど、それはあくまでもやはり法律マターで、立法でこのような権限を与えたというようなことだと思います。それで正当性を得て、それは一つ制度として許されるんではないかというふうなことで当時は整理されていたと思います。あと一方、逆に任期を短縮できるかできないかというようなこともかなりございました。したがって、兵庫県の場合ですけれども、もらった任期を短くしていいのかということにつきまして、また立法によって対応したと。短く、元に戻したというようなことになっていると思います。,https://kokkai.ndl.go.jp/txt/121714183X00320250507/47
2025-05-07,矢倉克夫,公明党,憲法審査会,○矢倉克夫君最後、総務省にちょっとお伺いしたいんですけど、いわゆる国政の場合ですと、繰延べ投票、同時性の原則との関係がよく議論されるんですけど、地方自治の場合で、地方選挙の場合でそういう議論があるのか、特段なければ、国政との関係で何か違いがあるのか、ちょっと端的に教えていただければと思います。,https://kokkai.ndl.go.jp/txt/121714183X00320250507/48
2025-05-07,笠置隆範,,憲法審査会,○政府参考人（笠置隆範君） 私の把握している限り、繰延べ開票ですね、そういったものがこの前の三重県の方のどこかの自治体の選挙で行われております。したがいまして、自治体においては、やはりそこで完結するものでありますと、そこでもう票は終わってしまいますよね、例えば市議選なり。しかし、国政選挙とか都道府県の場合は、都道府県の県議選挙とかの場合には、選挙区があったときに、繰延べ投票が行われた地域が仮にあったとした場合には、繰延べ地域を含む選挙区というのは当選人が決まらないという状況が続きます。したがいまして、できる限り繰延べ投票とならないように、その事前に見込まれるときには投票所を変更したりとか、そういったようなことによって最大限努力をしていくという姿勢にはなっているということでございます。（発言する者あり）,https://kokkai.ndl.go.jp/txt/121714183X00320250507/49
2025-05-07,中曽根弘文,自由民主党,憲法審査会,○会長（中曽根弘文君） どうぞ。,https://kokkai.ndl.go.jp/txt/121714183X00320250507/50
2025-05-07,矢倉克夫,公明党,憲法審査会,○矢倉克夫君失礼しました。三人の参考人の方々、大変ありがとうございました。以上で終わります。,https://kokkai.ndl.go.jp/txt/121714183X00320250507/51
2025-05-07,中曽根弘文,自由民主党,憲法審査会,○会長（中曽根弘文君） 片山大介君。,https://kokkai.ndl.go.jp/txt/121714183X00320250507/52
2025-05-07,片山大介,日本維新の会,憲法審査会,○片山大介君日本維新の会の片山大介です。大泉参考人、小島参考人におかれましては、それぞれの経験に基づく、あるべき災害に強い選挙制度について大変貴重な御意見をいただき、ありがとうございました。また、総務省からは、災害時において現行の選挙法制がどうなっているのかについて説明していただきました。言うまでもなく、選挙は民主主義を支える基盤であり、災害に強い選挙制度を実現すべきことは会派を超えて一致するところだと思います。この点は日本維新の会としても全く異論のないところです。その一方、災害は必ずしも事前の想定の範囲内に収まるものではなく、災害によって大きな被害を受けた被災地においてまず優先されるべきは、先ほど参考人もおっしゃったとおり、人命救助であり、被災者の生活環境の確保だと思います。これがままならない状況で選挙を強行することは国民の意思に沿うものとは言えないことは論をまちません。総務省の説明資料の四ページには、阪神・淡路大震災における地方選挙の対応として、特例法によって被災地の選挙期日を平成七年六月十一日としたとの記載があります。阪神・淡路大震災が発生したのは平成七年一月十七日なので、発災か...,https://kokkai.ndl.go.jp/txt/121714183X00320250507/53
2025-05-07,小島勇人,,憲法審査会,○参考人（小島勇人君） 当時、私も現地に入って最初にびっくりしましたところは、支援しようにも支援するその場所がないと。そういう、まず場所的な確保、まあ野戦病院的な、よく工事現場にある四角い箱の事務所みたいのがありますけれども、それが公園の空き地に置かれておりました。それで、私ども川崎市が最初に入ったのはそういうところですが、そのまず横で、被災した、またお亡くなりになった方の管理を行う部署が仕事をしている。そういう過酷な環境の中で、パソコン操作ままならない。そういった後で、今度は給食センターという場所に移行して、そこでパソコン作業等をするようになったということでございます。いずれにしても、現地の方々は、非常に、被災されていない、陸前高田でもちょっと山側の方は特段被災されていないんですけれども、平野のところは全て流されてもう何もない状況ですので、そういった方たちの、まずはどういう形で支援したらいいのか。私たち、選挙をやるという前提で行っていますけれども、傍らで何かちょっとほかに手伝うことはないのかという、そういう気持ちにならざるを得ない、ただ漫然と何か選挙の準備だけしていればいいという気持...,https://kokkai.ndl.go.jp/txt/121714183X00320250507/54
2025-05-07,片山大介,日本維新の会,憲法審査会,○片山大介君ありがとうございます。陸前高田市に限らず、大きな被害を受けた被災地はきっと同じような状況だったと思います。今日のやり取りを踏まえ、これまで憲法審査会で議論が行われてきた選挙困難事態と議員任期の延長について意見を述べたいと思います。議員任期の延長は必要ないと主張する会派は、選挙困難事態には緊急集会と繰延べ投票で対応すべきなどの主張をされてきたと思います。しかし、先ほど述べたように、過去の実例では、発災から選挙の実施まで八か月以上の時間を要していた例があります。緊急集会の開催期間が七十日を超えることができるのかという議論もありますが、実に八か月、二百四十日もの間、緊急集会で対応するということが国民主権の原理の下で許されるのでしょうか。さらに、地方選挙とは異なり、国政選挙は全自治体で一斉に選挙を実施します。繰延べ投票によって被災地の投票日をずらしたとしても、その期間が短いほど、言い換えれば、可能な限り早く選挙を実施しようとすればするほど、被災していない自治体からの選挙の管理に精通した人材の支援は難しくなります。今日の質疑を通じて、改めて選挙困難事態に備えた議員任期の延長の必要性を...,https://kokkai.ndl.go.jp/txt/121714183X00320250507/55
2025-05-07,中曽根弘文,自由民主党,憲法審査会,○会長（中曽根弘文君） 上田清司君。,https://kokkai.ndl.go.jp/txt/121714183X00320250507/56
2025-05-07,上田清司,国民民主党・新緑風会,憲法審査会,○上田清司君国民民主党・新緑風会の上田清司です。参考人の先生方には、先ほどからの御意見ありがとうございます。また、事前に資料等をいただきまして感謝しております。それを参考にした上で、私は、質問はいたしませんが、私自身の考え方について発表したいと思っております。とりわけ、選挙困難事態における選挙期日、議員任期の特例等に関する中谷私案、極めて丁寧な、有効な私は案ではないかというふうに思っているところであります。やや抽象的であることが問題になるかと思っておりますが、そうした点について深掘りがされる必要があると思っております。例えば、緊急事態が想定される自然災害のレベル、このレベルとはどういうところまでいくのかという具体性が必要ではないかと思われます。武力攻撃のレベルと持続性のレベルについても同じように詰める必要があるかと思います。テロ・内乱については、日本の治安状況、政治状況から考え難い部分がありますが、どのようなことが想定が可能なのか、この点についてもしっかりと踏まえなければならないと思います。以上、しっかり議論をしていく必要があります。国政選挙の適正な実施についてでございますが、選挙の一...,https://kokkai.ndl.go.jp/txt/121714183X00320250507/57
2025-05-07,中曽根弘文,自由民主党,憲法審査会,○会長（中曽根弘文君） 山添拓君。,https://kokkai.ndl.go.jp/txt/121714183X00320250507/58
2025-05-07,山添拓,日本共産党,憲法審査会,○山添拓君日本共産党の山添拓です。参考人の皆さん、今日はありがとうございました。小島参考人に伺いたいと思います。今日、御意見の陳述の中でも、東日本大震災の件、大変参考になりました。あわせて、熊本や能登でも支援にというお話があったかと思います。二〇一六年四月の熊本地震では三か月後に参議院選挙があり、また昨年の能登半島の地震、豪雨、その後の総選挙と続きました。災害によっても対応の違いがあるかと思いますので、それらのケースでどのような御苦労や工夫があったかという点について御紹介いただければと思います。,https://kokkai.ndl.go.jp/txt/121714183X00320250507/59
2025-05-07,小島勇人,,憲法審査会,○参考人（小島勇人君） まず、熊本地震ですけれども、熊本地震につきましては、ほとんどの被災地へ、特に一番感じたのが、西原村というところに行ったときに、もう役場自体がほぼほこりまみれ、職員も疲弊している、そういった中で本当に選挙できるのかという、そういう感じはありました。それで、我々が行って初めて参議院選挙があるということをきちっとお話をして、そうしたら彼らははっとして、やらなきゃいけないんですねというふうに思われました。ですから、やはり寄り添う形で、我々が被災地にまず乗り込むという言い方おかしいですけれども、行って、直接いろいろ感じてお話を聞く、そういったことがまず大切であろうというふうに思いました。それから、能登半島につきましても、これはもう総務省の本当に迅速な判断で、現地へ私も延べ六日間入って実際見させていただきましたけれども、輪島市に行ったときに、やはり職員の方々、担当の方、疲弊していました。非常にもう選挙どころじゃないよというあれでしたけれども、ただ、行っていろいろとお話を聞いて、我々がまあ何とかアドバイスできるからというふうなことをお話ししましたら、何となく心が和らいで、自分...,https://kokkai.ndl.go.jp/txt/121714183X00320250507/60
2025-05-07,山添拓,日本共産党,憲法審査会,○山添拓君ありがとうございます。選挙がそうした形で支援を経て実施されていることが非常に大事だと思います。また、自治体職員は、この間、市町村合併が続き、また行政の合理化を進め過ぎたという問題もあって、災害時に限らず平時からそうした状況あるかと思います。ですから、平時から人的体制の強化が私は必要ではないかと感じます。大泉参考人と小島参考人に伺いたいのですが、現場で選挙実務に当たってこられた皆さんは、今日もお話しいただきましたように、たとえ災害時でも、いかに円滑に選挙を実施し、選挙権の行使を可能にするかという角度で対応してこられたことかと思います。大泉参考人が、こういうときこそ代表者を選ぶという民主主義の重みとおっしゃったり、また、小島参考人も、一刻も早く自分たちの代表を選ぶという言葉を使われましたが、それ自体が私はとても重い発言だと思います。一方で、この憲法審査会で議論されてきたのは選挙困難事態であり、これを理由に衆院議員の任期延長を可能にし、選挙そのものを延期できる、先送りしてしまおうということですが、そうなりますと、行政の側の発想は、いかに選挙を実施するかではなく、いかなる理由付けなら...,https://kokkai.ndl.go.jp/txt/121714183X00320250507/61
2025-05-07,大泉淳一,,憲法審査会,○参考人（大泉淳一君） ちょっと想像の話ですので何とも決め付けた言い方はできませんけれども、今まででしたら、やはり選挙は大事だということでずっと染み付いているといいますか、それを、何を我々がやらなきゃいけないかということを優先順位を決めて事務に当たっているのが選管職員あるいは総務省の職員というようなことだったと思いますけれども、今のお話がそういうふうになるかどうかは、ちょっとお答えはなかなか難しいんじゃないかと思います。,https://kokkai.ndl.go.jp/txt/121714183X00320250507/62
2025-05-07,小島勇人,,憲法審査会,○参考人（小島勇人君） 私は、業務継続計画みたいなものをきちっと作っておかなければいけないと思います。よくＢＣＰと言われますけれども、そういったものを作っておくということも必要になりますし、実際に何か起きたときの一般的な危機管理マニュアル的なものを作っておく必要があろうかなというふうに思います。御質問の趣旨にかなったお答えにはなっていないかもしれませんけど、いずれにしても何かあったときに業務遂行計画、これは選挙の執行も含めてということになります。ですから、やれない理由を探すというのはどうかなという感じはしますけれども、とにかくやるという、とにかく現行法の中ではやるという、地方公共団体の責務、法定受託事務、自治事務ですからやるということになります。ただ、憲法の改正でどうなるかということは別として、現行法では私たちとしてはきちっと執行していく。ただ、それを補完する意味で、繰延べ投票制度だとか繰延べ開票制度ですとかがあるということでございます。ですから、現行法の中できっちりどういう形でできるのかということを議論していくということはまず先決かなと私は思います。,https://kokkai.ndl.go.jp/txt/121714183X00320250507/63
2025-05-07,山添拓,日本共産党,憲法審査会,○山添拓君私もそのように思います。現在の公選法の下で国政選挙で繰延べ投票となったのは二度だけだと今日も御説明がありましたが、災害など重大な事態が生じた場合にこそ民意を反映する国会が必要であり、選挙権行使をなるべく可能にする体制づくりこそが重要だということであろうと思います。また、現行法の下ではやはり選挙を実施するにはどうするかという発想で動いてこられたと、このこと自体が私は大変民主主義にとって大事なことではないかと思います。重ねて大泉参考人、小島参考人に伺いたいのですが、昨年十月の解散・総選挙は、石破首相が就任から八日後に衆議院を解散し、その十八日後に投開票を迎えました。首相就任から八日後の解散、二十六日後の投開票、いずれも戦後最短でした。期間が短いために選挙実務に生じた混乱など、御承知の限りで御紹介いただければと思います。,https://kokkai.ndl.go.jp/txt/121714183X00320250507/64
2025-05-07,大泉淳一,,憲法審査会,○参考人（大泉淳一君） ちょっと私はもう実務から離れているので直接は分かりませんけれども、なるべく、選管としてはゴーが出ないと動けないわけですから、そのゴーサインといいますか、解散が決まったと、あるいは総選挙がいつあるか決まったという前提で動くわけでございます。更に言いますと、ポスター掲示場などにつきましても入札しなきゃいけないと。なので、ある程度の期間が必要でございますけれども、それができないわけではない期間は絶対欲しいというようなことだと思います。選挙自体が、いろいろ困難はあったかもしれませんけれども、行われたということは、皆様方の努力があったのではないかと思います。,https://kokkai.ndl.go.jp/txt/121714183X00320250507/65
2025-05-07,小島勇人,,憲法審査会,○参考人（小島勇人君） 今回のケースもそうですけど、前もちょっと解散から短かったということあるんですけれども、私は、選挙管理委員会職員としての経験から申し上げますと、やはり、ニュース等で解散という言葉が出てくる、そういったことになりますと、いつになるか分からないにしても、遠い将来ないかあるか分かりませんけれども、それに向かって水面下での一定の準備はせざるを得ないということでございます。ですから、例えばポスター掲示を立てるにしても、ポスター掲示場の設置場所の選定だとかそういったことは水面下でやらざるを得ないし、公示日がいつになるかというのは分かりませんけれども、ある程度勝手に想定して、公示日がこの日になったらこうするんだ、ああするんだというようなことをやってきたということでございます。今回、解散から八日後に公示ということでありましたけれども、ある意味では若干早めに、ニュアンスとしてですね、いつ選挙期日になるんだというようなことがそれなりのお立場の方から御発言があったりして、それは一つのよりどころにしながら準備をしたということは否定はできないというふうに思います。いずれにしても、総選挙、私...,https://kokkai.ndl.go.jp/txt/121714183X00320250507/66
2025-05-07,山添拓,日本共産党,憲法審査会,○山添拓君時間ですので終わりにしますけれども、海外の有権者のための在外投票では準備が間に合わなかったという話や、台湾では一部投票できなかったという例が生じたということも承知しております。解散を弄ぶ政治が選挙権を侵害している、そういう現状こそ憲法上大問題だという点を指摘しまして、質問を終わります。,https://kokkai.ndl.go.jp/txt/121714183X00320250507/67
2025-05-07,中曽根弘文,自由民主党,憲法審査会,○会長（中曽根弘文君） 山本太郎君。,https://kokkai.ndl.go.jp/txt/121714183X00320250507/68
2025-05-07,山本太郎,れいわ新選組,憲法審査会,○山本太郎君参考人の先生方、非常に重要なお話をありがとうございます。選挙部長もありがとうございました。事前にいただいた小島参考人の資料の中に、大規模災害時の選挙を行うにおいて準備するべきものとしてマニュアルの作成が必要だろうというようなことがあったと思うんです。今日お聞きしたお話の中にも非常に興味深いといいますか、非常に重要な事柄がたくさんちりばまっていたと思うんです。でも、こういったことがまとまっていないと次に継承していけないというか全国に共有していけない、そういうことが、心得であったりとか本当に必要なことということが共有されないということは、これ備えられないわけですよね。お聞きしたいのが、これまでその御経験だったりとかされてきたこと、いろんなメモだったりとか様々なものがあると思うんですけど、そういったものをマニュアルとしてまとめてくださいというような依頼であったりとか、そういうようなタスクみたいなものは国側から何かしらあったりとかしたんですかね。,https://kokkai.ndl.go.jp/txt/121714183X00320250507/69
2025-05-07,小島勇人,,憲法審査会,○参考人（小島勇人君） お答えいたします。マニュアルにつきましては、先ほどもちょっとＢＣＰとかそういう話もさせていただきました、業務継続計画、川崎市では選挙事務についても一応作成してあります、自然災害。それで、私ども川崎市の選挙管理委員会、当時ですね、東日本大震災を教訓に危機管理マニュアルを一応作ってございます。未定稿でありますけれども、投票事務、開票事務。そういったものについて基本的に何かまとまったものというのは、誰が作ったから権威があるとか誰が作ったから権威がないとかということじゃなくて、現場の湧き上がったものとして川崎市が作っておりますし、そして、その内容については、欲しいという都市には提供して、その都市にかなった危機管理マニュアルを多分作っているところもあるんじゃないかなというふうに思います。いずれにしても、何かその地域地域に合ったものを作っておくということは大切なことかなと思います。,https://kokkai.ndl.go.jp/txt/121714183X00320250507/70
2025-05-07,山本太郎,れいわ新選組,憲法審査会,○山本太郎君ありがとうございます。現場で経験されたことの多くが詰まっているというこのマニュアルを全国的にやはり共有していくということが次の災害に備えることなのかなと。任期延長がどうしたこうしたの前にそういったことをやはり国に求めていくということを是非議員の皆さんにもお願いをしたいと、私自身もそれを求めていくということをしていきたいと思います。もう何度も被災地に入られてその現場というものを様々見てこられたということなんですけれども、公務員の数がちょっと少ないんじゃないかなって私は思います。一九九〇年以降、小泉政権以降ですね、やはりこの人減らしというものが大々的に行われてきたという影響が確実に悪い意味で見えているのが、私、災害の現場だと思っています。能登に関しては二十回ほどしか足を運んだことがないんですけれども、そのたびに現地の自治体職員の方々ともお話をするんですけれども、もう発災してから一年以上一日も休んでいないとか、当たり前のように、普通のようにお話しされるんですが、やはり、災害を受けた住民を守るという職務と、そして自身も被災者であるという側面二つを二足のわらじでずっと一年もそれ以上も...,https://kokkai.ndl.go.jp/txt/121714183X00320250507/71
2025-05-07,小島勇人,,憲法審査会,○参考人（小島勇人君） 人がいることは非常に大事なことだというふうに思います。人がいたとして、その人たちに通常の自分たちの業務のほかに選挙実務についてどういう形で理解をし身に付けていただくかということが私は問題だというふうに思います。人が少ないというのは、これはもう私も陸前高田に行き、またそのほかも行き、確認してまいりましたけれども、とにかく選管専任職員という方が非常に少なくなってきております。全ていろんな業務を掛け持ちしながらやっているということなので、まあそれはそれでいいのかもしれませんけれども、いざというときに、じゃ、例えば投票所が避難場所になっていた、それとすみ分けをどうやってやるんだというようなことも含めてかつて総務省の方から通知が出ているわけですけれども、例えば投票事務をやる予定だった人が今度災害事務に急遽行かなきゃいけない、投票事務、じゃ、どうやってやるんだと、その場で混乱するというケースも見聞きしております。ですから、何らかの形で、何か起きてから考えたって遅いので、起きる前に何かこうきちっと整理を、ある程度の整理をしておくということが私は大事だと思いますし、職員が少ない...,https://kokkai.ndl.go.jp/txt/121714183X00320250507/72
2025-05-07,山本太郎,れいわ新選組,憲法審査会,○山本太郎君ありがとうございます。大泉参考人の方にもお聞きしてよろしいでしょうか。同じようなことなんですけれども、この災害ということを通して、現場の、何だろうな、公務員の方々、実際に動ける人の数というものはこれは年々減少していっているということを考えるならば、やはりこのような大規模災害に備えてということの視点から考えてみても、これは人員の強化みたいなものって必要だなというふうにお感じになることあられますか。,https://kokkai.ndl.go.jp/txt/121714183X00320250507/73
2025-05-07,大泉淳一,,憲法審査会,○参考人（大泉淳一君） 私の専門といいますか、選挙の分野でございますけれども、やはり今までですと、選挙に精通した人が必ず大体いて、その人が全部仕切って、ある意味安心して選挙を執行できたというような環境にあったと思いますけれども、人が減って、あるいは経験を十分に積んだ人がまた引退したりいなくなったりして、それがうまく回らなくなっていると。そういうところで、公選法上の分からないところがあったりすると、我々の社団法人によく聞いたりして、そういう質疑応答とかも来るようになっていますけれども。そういう意味では、やはり実務に精通した人をつくっていくこと、それから数を、もう余りに今小さいところですと総務課とか議会事務局とか兼務している人もいますけれども、そういうことでなくて、やっぱり万全を期すためにはもうちょっと選挙に精通した人をなるべくたくさん確保することが大事だということは考えております。,https://kokkai.ndl.go.jp/txt/121714183X00320250507/74
2025-05-07,山本太郎,れいわ新選組,憲法審査会,○山本太郎君ありがとうございます。時間が来たので終わりたいと思いますけれども、任期延長がどうしたこうしたというような議論もあるようですけれども、実際に目の前の災害というところで、圧倒的に足りていない、これは復興するという意味でも、生活復旧するにも余りにも足りていないというような人員の増強であったりとか、そしてスペシャリストとしてそのような穴を埋めていく方々の数というのも増強していく必要があるんだということがよく分かりました。ありがとうございます。,https://kokkai.ndl.go.jp/txt/121714183X00320250507/75
2025-05-07,中曽根弘文,自由民主党,憲法審査会,○会長（中曽根弘文君） 高良鉄美君。,https://kokkai.ndl.go.jp/txt/121714183X00320250507/76
2025-05-07,高良鉄美,沖縄の風,憲法審査会,○高良鉄美君沖縄の風の高良鉄美です。今日は、参考人の方々、選挙部長、ありがとうございました。私の質問は、まず、ここ憲法審査会というところですけれども、今のお話の中で見ると、一番大事なのはやっぱりこの選挙法の中身をどうするかという問題と、それから、ずっとＢＣＰのようにいろんなマニュアルを作って対応していくということが重要だというお話も非常に参考になりました。そういった意味では、期日の繰延べを含めて、時間の問題と、それから場所ですね、投票所の問題と、それから環境でしょうかね。人が、何を対応して、有権者のリストを作るとか、そういう問題が現場で起こるかなと思っています。そこで、一つお伺いしたいのは、憲法の問題として捉えるべきものがあるのかどうか。それと、今現在いろいろ対応していただいているところで、この公職選挙法やあるいは特例法の中で、あるいはその政令の中で、その基にある、それに対応してきたことで非常に不足していると、これからもし法律を作るならどのようなものが必要なのかということをお三方にお聞きしたいんですが、よろしくお願いいたします。,https://kokkai.ndl.go.jp/txt/121714183X00320250507/77
2025-05-07,大泉淳一,,憲法審査会,○参考人（大泉淳一君） 先ほども説明のところで述べてきたとおり、今の公選法というものは、大きな災害、本当、大災害を想定しているかというと、そうではなくて、基本的には選挙を滞りなく執行するために、ちょっと天災等があったときには繰延べ投票とかそのほかの制度によって滞りなく行うというようなことの便法を定めているというふうに見えてきます。したがいまして、災害については十分かというと、公選法はそれほど十分な、災害を想定して書かれているとはちょっと思われませんので、そういう意味では、この阪神・淡路あるいは東日本大震災で、先にそういうことを決めておかなければいけないということが判明したときには、そこをあらかじめ書いておくというのは一つの手だと思います。ただ、それぞれ国政と地方の選挙では憲法事項とそれから立法事項が違ってまいりますので、そこはいろいろ御議論いただいて知恵を出していくのではないかと思います。,https://kokkai.ndl.go.jp/txt/121714183X00320250507/78
2025-05-07,高良鉄美,沖縄の風,憲法審査会,○高良鉄美君小島参考人の方にも、いかがでしょうか。,https://kokkai.ndl.go.jp/txt/121714183X00320250507/79
2025-05-07,小島勇人,,憲法審査会,○参考人（小島勇人君） 今、大泉参考人からもお話ししましたとおりでございます。今まで、被災地での選挙、特例法で選挙をやった、その中で一定の課題というものがあるはずです。それをくみ上げて、さらに、次に向けた特例的な何か、規定というか考え方というものをこの際きちっと整理をしておくということも必要だと思いますけれども、ただ、災害等は千差万別でございますので、一般論として書けるものがどこまであるのかということも含めて検討すべき時期であることは間違いないのかなと思います。東日本大震災、熊本地震、能登半島地震、またこれからどこかであるであろう地震のために検討しておくということは、これは必要なことだというふうに思います。というのは、やっぱり人の選挙権の行使の問題でありますし、そして国政を担う議員の皆様方を選ぶという制度の根幹でございますので、この際きちっと何か対応すべき点があるんじゃなかろうかと思います。ちょっと抽象的ですけれども、そういう気持ちは持っております。,https://kokkai.ndl.go.jp/txt/121714183X00320250507/80
2025-05-07,高良鉄美,沖縄の風,憲法審査会,○高良鉄美君ありがとうございました。憲法の中の三原理の国民主権、その国民主権の行使をしっかりとするための手段として選挙権という人権があるということなので、非常に根本的な原則に関わっているということがこの選挙権の行使だと思います。それで、やっぱり一日も早く選挙権行使できるようにと、あるいは、そのための選挙期間の、なるべく短くその復旧ができるような形で場所を選んだり、あるいは臨時の仮設住宅での投票というようなこともいろいろ工夫をされてきたと思うので、やっぱりその点では、もう非常に憲法の原則に従っている形でこれまで御苦労されてきたなというのをすごく感じました。今の、これまでのものにはなかったんですけれども、ＴＰＯというと、時間とそれから場所ということではかなりありましたけれども、この機会の中で時間や場所に拘束されずに投票ができるだろうかということを考えますと、今いろいろ議論になっているＩＴ活用の投票の問題というのが、いろんな側面があると思うんですけれども、長所、短所ですね、その辺りに関してはどのように、この災害のときの選挙というようなことで考えるとどのようなお考えをお持ちでしょうか。特に笠置...,https://kokkai.ndl.go.jp/txt/121714183X00320250507/81
2025-05-07,笠置隆範,,憲法審査会,○政府参考人（笠置隆範君） 時間、場所ということであると、恐らくひょっとしてインターネット投票のことかなというふうに思っておりますが、現在、総務省におきましては、在外選挙におけるインターネット投票について調査研究を進めているというところでございます。ただ、一方で、インターネット投票については、郵便投票と同じかもしれませんが、管理者や投票立会人がいない中での投票ということで、選挙の公正どう確保するんだといったようなこと、あるいはセキュリティーとかですね、あとは、極めて短期間の選挙期間の中で、もし壊れたりとか、ひょっとして瑕疵があった場合には選挙無効になっちゃうということもあるので、その辺りはいろいろ今入念に研究をしているというところでございます。じゃ、災害時どうかというと、ちょっと私も全て知識はございませんが、災害時において、じゃ、ネット通信が確保できるかという、またそういったこともありますので、時間、場所問わずという観点からはあるわけでございますが、先ほど申し上げた投票の原則から外れる投票であるといったことも十分議論をしながら検討していく必要があるんじゃなかろうかというふうに思っていま...,https://kokkai.ndl.go.jp/txt/121714183X00320250507/82
2025-05-07,高良鉄美,沖縄の風,憲法審査会,○高良鉄美君ありがとうございました。今インターネットの話が出ましたけれども、やっぱりその上でも、基本は、時代がどんどん変わっていくにしても、あるいは災害があるにしても、憲法上の人権の問題をきちんと捉えていくということはとても重要ですし、それから、やっぱり国民主権の在り方として、これは地方では、当然ながらこの地方の住民は主権者ですので、地方の、そういった地方住民のことも考えると、やっぱりかなり工夫をして、これまでの培ってきた経験を、やっぱり先ほどずっと御提案あるようなマニュアルをしっかり作っておくということがむしろ一番重要かなと思っております。そういった意味では、また法律事項と憲法事項を先ほど分けておくということでしたが、しっかりそこを分けて議論をするべきだろうと思っております。以上です。,https://kokkai.ndl.go.jp/txt/121714183X00320250507/83
2025-05-07,中曽根弘文,自由民主党,憲法審査会,○会長（中曽根弘文君） 引き続き質疑を行いますが、これより質疑時間は答弁を含め各五分以内といたします。水野素子君。,https://kokkai.ndl.go.jp/txt/121714183X00320250507/84
2025-05-07,水野素子,立憲民主・社民・無所属,憲法審査会,○水野素子君立憲民主・社民・無所属の水野素子です。まず、参考人の皆様、大変貴重な御報告をありがとうございました。私からは、非常時における繰延べ投票の活用などに関しまして、総務省の公職選挙法の解釈などを改めて確認したいと思います。総務省の選挙部長、お尋ねいたします。一般論として、国会議員について任期満了日を迎えた日を選挙期日とすることはできるのかということ、さらには、国会議員の任期満了選挙について、一般論として、災害等のやむを得ない事由により繰延べ投票や当該任期満了選挙の公示前の特例法の制定によって任期満了日以後に選挙期日を設定することはできるかについて、答弁を改めてお願いいたします。,https://kokkai.ndl.go.jp/txt/121714183X00320250507/85
2025-05-07,笠置隆範,,憲法審査会,○政府参考人（笠置隆範君） 国会議員の任期満了による選挙、私、冒頭説明を申し上げましたけれども、三十一条第二項あるいは三十二条第二項でございます。任期満了前三十日以内に行うことが原則であるものの、この期間が国会閉会の日から二十三日以内に掛かる場合には、二十四日以後三十日以内に行うとされております。この例外規定によりまして、現行におきましても、任期満了近くまで国会が開会されているような場合には、任期満了日を超えて選挙期日が設定されることがあるということでございます。また、公職選挙法五十七条の繰延べ投票でございますが、こちらは、天災その他避けることのできない事故により投票所で投票を行うことができないときに投票日を繰り延べるということでございまして、国会議員の任期満了による選挙についても当然適用をされるというものでございます。国会議員の任期満了による選挙につきましては、衆議院の解散・総選挙は憲法に規定があると、四十日以内と申し上げましたが、国会議員の任期満了による選挙につきましては、憲法においてその選挙期日に関する特段の規定は置かれておりませんことから、一般論として言えば、必要があれば、例え...,https://kokkai.ndl.go.jp/txt/121714183X00320250507/86
2025-05-07,水野素子,立憲民主・社民・無所属,憲法審査会,○水野素子君ありがとうございました。続いて、総務省選挙部長にまたお尋ねいたします。国会議員の国政選挙において災害に伴う繰延べ投票が数か月といった長期にわたる場合、従来の選挙日から投票を繰り延べている期間について法律により選挙運動を制限することはできるのでしょうか。,https://kokkai.ndl.go.jp/txt/121714183X00320250507/87
2025-05-07,笠置隆範,,憲法審査会,○政府参考人（笠置隆範君） 繰延べ投票が行われる場合におきましては、当該繰り延べられた地域におきましては繰延べ投票の期日の前日まで選挙運動ができると解されてございまして、候補者の判断により選挙運動を行うことは可能でございます。現行の公職選挙法、御案内のとおり、選挙の公正を確保するために各種の選挙運動規制が設けられております。投票が繰り延べられた期間について新たに規制を設けることも可能であると考えておりますが、そのような選挙運動の規制等につきましては、選挙の在り方に関わる問題でありますことから、各党各会派で御議論いただくことが必要だと考えてございます。,https://kokkai.ndl.go.jp/txt/121714183X00320250507/88
2025-05-07,水野素子,立憲民主・社民・無所属,憲法審査会,○水野素子君ありがとうございました。国政選挙について、選挙の公示前であれば繰延べ投票や特例法で選挙の期日を憲法の範囲内で再設定することが可能であり、また、公示後に選挙活動が何か月も続いて、それが選挙の公平公正や地域住民との関係で公共の福祉に反するようなことが想定される場合は、選挙運動の在り方を特例法で規制できることが確認できたと思います。最後に、小島参考人にお伺いいたします。まず、私からも、大震災時の献身的な御活動、敬意を改めて表させていただきます。それでは、お尋ねいたします。国政選挙におきましては、全国の全ての選挙管理委員会が選挙事務に取り組むわけでございますが、その国政選挙の際に大規模災害が生じた場合に備えるために、まさに小島参考人の川崎市が陸前高田市に取り組まれたような支援を被災自治体に対して行うためには、選挙実務に通じた人員の育成、確保が必要であると先ほどもおっしゃっていらっしゃいましたが、その派遣の仕組みなども含めまして、国のレベルで全国規模での支援体制の構築が平時から必要ではないかと思うところでありますが、御見解をお願いいたします。,https://kokkai.ndl.go.jp/txt/121714183X00320250507/89
2025-05-07,小島勇人,,憲法審査会,○参考人（小島勇人君） 何らかのそういうスキームというか、そういうものをあらかじめ考えておくことは必要だと思います。東日本大震災のときもそういうスキームをつくって対応してまいりましたので、そのときのものが何か参考になる可能性はあると思います。,https://kokkai.ndl.go.jp/txt/121714183X00320250507/90
2025-05-07,水野素子,立憲民主・社民・無所属,憲法審査会,○水野素子君ありがとうございました。平時から備えが必要であると思います。ありがとうございました。終わります。,https://kokkai.ndl.go.jp/txt/121714183X00320250507/91
2025-05-07,中曽根弘文,自由民主党,憲法審査会,○会長（中曽根弘文君） 柴田巧君。,https://kokkai.ndl.go.jp/txt/121714183X00320250507/92
2025-05-07,柴田巧,日本維新の会,憲法審査会,○柴田巧君日本維新の会の柴田巧です。今日は、お忙しい中、総務省の笠置選挙部長、そして大泉参考人、小島参考人にお越しをいただきまして、また、それぞれ御経験に基づいて貴重な御意見を賜りましたことに私からも感謝を申し上げたいと思います。改めて言うまでもありませんが、我が国は災害大国であります。地震や、先ほども富士山の噴火などの話もありましたけれども、更に言うと感染症もあるしテロもあるし、いろんな緊急時にやっぱり備えをしておくというのが肝要なことで、そしてこの議会制民主主義をどう守って国会の機能を止めないかということをこの憲法審査会でもこれはこれまで議論をしてきたわけであります。いわゆる選挙困難事態の中で今申し上げたことをどう果たしていくかという観点からそれぞれお聞きをしたい、両参考人に、大泉、小島参考人にお聞きをしたいと思っております。先ほどの質問等とも重なる部分はありますが、今までの、こうやって選挙管理実務に携わってこられて、もちろん現行の枠組みの中で事に当たっていく、滞りなくやっていくというのは第一義的にはそうなんでしょうけれども、先ほどもそれぞれお触れになりましたけれども、やはり長期的...,https://kokkai.ndl.go.jp/txt/121714183X00320250507/93
2025-05-07,大泉淳一,,憲法審査会,○参考人（大泉淳一君） もう先ほどから申しましているとおり、今の公選法は、その長期的な災害などについては、ある意味、そこは念頭に置いておらず、選挙をいかに適正に終わすかと、きちっとやるかということの観点からできていると思われますので、長期的な災害などが出てきたときは、先ほどの東日本大震災の別な立法というようなことで対応するというような実績があったと思います。そういう中ででございますけれども、これも繰り返しになりますけれども、現在のところは憲法マターと法律マターがあって、法律でできるところは今まででしたらなるべく柔軟に対応してきたというところでございました。そういう中での議論の中で今までの積み重ねができてきておりますけれども、そこから先につきましては、ちょっと私の立場からは申し上げるような知見もございませんのでということでございます。,https://kokkai.ndl.go.jp/txt/121714183X00320250507/94
2025-05-07,小島勇人,,憲法審査会,○参考人（小島勇人君） 今までの大震災も含め、これまでの教訓というものは積み重ねてあります。ですから、それを、まず積み重ねを一般化するというか、何か整理するということが必要かなというふうに思いますし、それから、やっぱりこれは、何というんですかね、災害で支援を受ける立場、する立場、両方分かれますので、いずれにしても、この業務継続計画的なものをやっぱりその団体としてきちっとどう考えていくか、選挙も含めて、じゃないかなというふうに私はまずは思います。公選法でどうこうするという話については、それぞれお答えがあったので私の口から申し述べることはございませんけれども、それぞれ自治事務、法定受託事務としてやるべき立場でありますので、地方公共団体は、そういった意味で、自らの業務継続計画、選挙事務を含めきちっと対応していく、ＢＣＰという略称で言われていますけれども、そういったことは絶対的に必要であろうと。で、それに基づいて何かマニュアル的なものを自らどう考えるかということだと思います。誰かに与えられるというよりも、自分たちでどう考えていくかということじゃないかなと私は思います、地方公共団体としての仕事で...,https://kokkai.ndl.go.jp/txt/121714183X00320250507/95
2025-05-07,柴田巧,日本維新の会,憲法審査会,○柴田巧君ありがとうございました。それでは、時間もあれなので、小島参考人にもう一つお聞きをしたいと思いますが、資料でも拝見をしましたけれども、このマニュアル作りも進んでいきますが、マニュアルがあったとしても突発的なことに対処するやっぱり判断力が必要だと。そういう意味で、この選管の災害時を含めた危機対応能力の向上、人の面も含めて、これが極めて重要だと思いますが、この点、特にどういうところに力点を置くというか、やっていく必要があるとお考えか、この点をお聞きをしたいと思います。,https://kokkai.ndl.go.jp/txt/121714183X00320250507/96
2025-05-07,小島勇人,,憲法審査会,○参考人（小島勇人君） これは何といってもやっぱり人の問題であります。ですから、急に選挙事務やれといってもできるものではありませんから、幅広くその団体内で選挙事務を執行できる、そういう立場の人間をまずは団体ごとに育てる、そういったことはまず絶対的に必要かなというふうに思います。,https://kokkai.ndl.go.jp/txt/121714183X00320250507/97
2025-05-07,柴田巧,日本維新の会,憲法審査会,○柴田巧君もう時間が来たので終わりますが、今日のやり取りを聞いていても、やっぱり長期的かつ広範な選挙困難時には、議員任期の延長も含めたやはりそういった考え方もしっかり持って議論をしなきゃいけないのではないかということを改めて申し上げて、終わりたいと思います。,https://kokkai.ndl.go.jp/txt/121714183X00320250507/98
2025-05-07,中曽根弘文,自由民主党,憲法審査会,○会長（中曽根弘文君） 他に御発言もないようですから、参考人等に対する質疑は終了いたします。参考人の皆様には貴重な御意見をお述べいただきまして、誠にありがとうございました。審査会を代表いたしまして、厚く御礼を申し上げます。本日の調査はこの程度にとどめ、これにて散会いたします。午後三時五分散会,https://kokkai.ndl.go.jp/txt/121714183X00320250507/99
